{
  "uuid": "0e0271ea-a0e5-30c9-8b02-b851e823845b",
  "starterPrompted": true,
  "starterLocked": false,
  "starterSelected": true,
  "starterUUID": "c97704b6-4ace-45fe-8139-8d4e17242128",
  "keyItems": [],
  "battleTheme": "cobblemon:battle.pvp.default",
  "extraData": {},
  "advancementData": {
    "totalCaptureCount": 29,
    "totalEggsHatched": 0,
    "totalEvolvedCount": 3,
    "totalBattleVictoryCount": 38,
    "totalPvPBattleVictoryCount": 3,
    "totalPvWBattleVictoryCount": 35,
    "totalPvNBattleVictoryCount": 0,
    "totalShinyCaptureCount": 0,
    "totalTradedCount": 4,
    "totalTypeCaptureCounts": {
      "normal": 6,
      "flying": 3,
      "psychic": 4,
      "water": 6,
      "ghost": 1,
      "poison": 3,
      "grass": 3,
      "fire": 2,
      "bug": 2,
      "electric": 4,
      "steel": 2,
      "fairy": 1,
      "ground": 3,
      "fighting": 1,
      "rock": 1,
      "ice": 1
    },
    "totalDefeatedCounts": {
      "cobblemon:rhyhorn": 5,
      "cobblemon:geodude": 2,
      "cobblemon:pelipper": 1,
      "cobblemon:donphan": 1,
      "cobblemon:magikarp": 1,
      "cobblemon:goldeen": 1,
      "cobblemon:golisopod": 1,
      "cobblemon:gyarados": 1,
      "cobblemon:voltorb": 1,
      "cobblemon:shinx": 1,
      "cobblemon:primeape": 1,
      "cobblemon:ditto": 1,
      "cobblemon:elekid": 1
    },
    "aspectsCollected": {}
  }
}