{
  "uuid": "d8bd85e9-be3a-34d2-b5ed-47a3f5f41645",
  "starterPrompted": true,
  "starterLocked": false,
  "starterSelected": true,
  "starterUUID": "f3037c51-5c40-4297-a82b-f175edf7960c",
  "keyItems": [],
  "battleTheme": "cobblemon:battle.pvp.default",
  "extraData": {},
  "advancementData": {
    "totalCaptureCount": 20,
    "totalEggsHatched": 0,
    "totalEvolvedCount": 1,
    "totalBattleVictoryCount": 29,
    "totalPvPBattleVictoryCount": 0,
    "totalPvWBattleVictoryCount": 29,
    "totalPvNBattleVictoryCount": 0,
    "totalShinyCaptureCount": 0,
    "totalTradedCount": 0,
    "totalTypeCaptureCounts": {
      "grass": 1,
      "poison": 3,
      "fire": 2,
      "electric": 2,
      "bug": 2,
      "normal": 3,
      "water": 4,
      "rock": 2,
      "ground": 2,
      "fighting": 1,
      "ghost": 2,
      "flying": 4,
      "psychic": 1
    },
    "totalDefeatedCounts": {
      "cobblemon:krabby": 8,
      "cobblemon:wingull": 3,
      "cobblemon:ekans": 4,
      "cobblemon:phanpy": 1,
      "cobblemon:diglett": 2,
      "cobblemon:doduo": 2,
      "cobblemon:geodude": 1,
      "cobblemon:nidoranf": 1,
      "cobblemon:crabrawler": 1,
      "cobblemon:spearow": 1,
      "cobblemon:galvantula": 1,
      "cobblemon:wimpod": 1,
      "cobblemon:patrat": 1,
      "cobblemon:kingler": 1,
      "cobblemon:gimmighoul": 1
    },
    "aspectsCollected": {}
  }
}