{
  "uuid": "d8bd85e9-be3a-34d2-b5ed-47a3f5f41645",
  "starterPrompted": true,
  "starterLocked": false,
  "starterSelected": true,
  "starterUUID": "f3037c51-5c40-4297-a82b-f175edf7960c",
  "keyItems": [],
  "battleTheme": "cobblemon:battle.pvp.default",
  "extraData": {},
  "advancementData": {
    "totalCaptureCount": 2,
    "totalEggsHatched": 0,
    "totalEvolvedCount": 0,
    "totalBattleVictoryCount": 11,
    "totalPvPBattleVictoryCount": 0,
    "totalPvWBattleVictoryCount": 11,
    "totalPvNBattleVictoryCount": 0,
    "totalShinyCaptureCount": 0,
    "totalTradedCount": 0,
    "totalTypeCaptureCounts": {
      "grass": 1,
      "poison": 1,
      "fire": 1
    },
    "totalDefeatedCounts": {
      "cobblemon:krabby": 3,
      "cobblemon:wingull": 2,
      "cobblemon:ekans": 3,
      "cobblemon:phanpy": 1,
      "cobblemon:diglett": 2
    },
    "aspectsCollected": {}
  }
}