{"stats":{"minecraft:broken":{"minecraft:stone_pickaxe":3,"minecraft:stone_axe":1,"minecraft:iron_sword":1,"minecraft:stone_shovel":1,"minecraft:stone_sword":2,"minecraft:iron_axe":2},"minecraft:dropped":{"minecraft:iron_sword":1,"minecraft:lapis_lazuli":17,"minecraft:oak_log":1,"minecraft:crossbow":1,"minecraft:leather":5,"cobblemon:verdant_ball":26,"cobblemon:link_cable":1,"minecraft:flint":1,"cobblemon:protector":2,"minecraft:mutton":2,"minecraft:sand":9,"minecraft:iron_pickaxe":1,"minecraft:gold_ingot":14,"cobblemon:red_apricorn":1,"minecraft:stone_axe":2,"minecraft:cooked_chicken":4,"minecraft:cobbled_deepslate":64,"minecraft:wheat":1,"minecraft:rotten_flesh":74,"minecraft:oak_planks":16,"minecraft:blaze_powder":2,"minecraft:poppy":1,"minecraft:gunpowder":2,"minecraft:chest":2,"minecraft:arrow":53,"cobblemon:citrine_ball":3,"cobblemon:quick_powder":1,"minecraft:stone_hoe":1,"minecraft:iron_ingot":5,"minecraft:bread":4,"minecraft:wheat_seeds":267,"minecraft:cobblestone":2,"cobblemon:water_stone":1,"minecraft:granite":36,"minecraft:copper_ingot":10,"cobblemon:chilan_berry":1,"minecraft:coal":4,"minecraft:lava_bucket":1,"minecraft:diorite":1,"minecraft:light_blue_wool":1,"minecraft:wooden_axe":1,"minecraft:iron_shovel":2,"minecraft:string":1,"minecraft:acacia_planks":25,"minecraft:redstone":20,"minecraft:stone_sword":1,"minecraft:tuff":77,"minecraft:chicken":1,"minecraft:diamond_sword":1,"minecraft:shield":1,"minecraft:diamond_pickaxe":1,"minecraft:iron_chestplate":1,"minecraft:andesite":1,"minecraft:spider_eye":3,"minecraft:red_sand":1,"minecraft:stone_pickaxe":1},"minecraft:killed_by":{"minecraft:creeper":3,"minecraft:piglin":1,"minecraft:zombie":4,"minecraft:player":14,"minecraft:skeleton":4},"minecraft:picked_up":{"minecraft:wooden_axe":2,"minecraft:iron_chestplate":15,"minecraft:wheat":256,"cobblemon:red_apricorn":7,"minecraft:diamond_sword":1,"cobblemon:charti_berry":1,"minecraft:string":3,"minecraft:soul_soil":4,"minecraft:raw_copper":74,"minecraft:cooked_salmon":4,"minecraft:iron_leggings":8,"minecraft:red_sand":3,"minecraft:gold_nugget":22,"minecraft:cobbled_deepslate":1098,"minecraft:bucket":3,"minecraft:acacia_sign":26,"cobblemon:oran_berry":39,"minecraft:iron_pickaxe":26,"cobblemon:quick_ball":6,"minecraft:melon_slice":90,"minecraft:furnace":1,"minecraft:iron_boots":21,"minecraft:stick":355,"cobblemon:apricorn_log":14,"minecraft:acacia_log":73,"minecraft:torch":117,"minecraft:porkchop":1,"minecraft:golden_axe":2,"minecraft:diorite":29,"minecraft:orange_bed":8,"minecraft:stone_sword":9,"minecraft:rotten_flesh":194,"minecraft:light_blue_wool":1,"minecraft:obsidian":10,"cobblemon:verdant_ball":431,"minecraft:blaze_powder":3,"minecraft:cobblestone":426,"minecraft:feather":58,"minecraft:cooked_beef":39,"minecraft:water_bucket":3,"minecraft:andesite":10,"minecraft:golden_leggings":1,"minecraft:smoker":2,"minecraft:flint":2,"minecraft:tuff":606,"cobblemon:protector":8,"minecraft:acacia_boat":7,"minecraft:lapis_lazuli":72,"minecraft:dirt":460,"minecraft:bone":50,"minecraft:acacia_planks":387,"minecraft:bow":5,"minecraft:wheat_seeds":560,"minecraft:raw_gold":37,"cobblemon:quick_powder":2,"minecraft:stone_hoe":7,"minecraft:oak_planks":67,"cobblemon:apricorn_planks":356,"minecraft:cooked_porkchop":1,"minecraft:sand":14,"cobblemon:persim_berry":9,"minecraft:barrel":1,"minecraft:diamond":3,"cobblemon:poke_ball":4,"minecraft:crossbow":2,"minecraft:granite":72,"minecraft:bone_meal":6,"minecraft:bread":131,"minecraft:netherrack":7,"minecraft:diamond_pickaxe":1,"minecraft:crafting_table":4,"minecraft:chicken":26,"minecraft:clay_ball":22,"minecraft:wooden_pickaxe":1,"minecraft:gold_block":2,"minecraft:acacia_button":10,"minecraft:shield":12,"minecraft:red_bed":1,"minecraft:iron_axe":7,"minecraft:acacia_door":8,"minecraft:flint_and_steel":5,"cobblemon:white_apricorn":1,"minecraft:iron_shovel":2,"minecraft:cartography_table":4,"cobblemon:green_apricorn":226,"minecraft:beef":26,"minecraft:oak_boat":9,"minecraft:poppy":2,"minecraft:lectern":6,"minecraft:chest":6,"cobblemon:green_apricorn_seed":18,"minecraft:egg":5,"minecraft:raw_iron":56,"minecraft:copper_ingot":300,"cobblemon:rawst_berry":13,"minecraft:carrot":1,"cobblemon:citrine_ball":6,"minecraft:redstone":40,"minecraft:arrow":72,"minecraft:stone_shovel":1,"minecraft:hay_block":37,"minecraft:mutton":5,"minecraft:white_wool":1,"minecraft:air":0,"minecraft:leather":18,"minecraft:acacia_wood":1,"minecraft:oak_log":18,"minecraft:yellow_bed":2,"minecraft:gunpowder":6,"minecraft:cooked_mutton":1,"minecraft:stone_bricks":18,"minecraft:iron_ingot":31,"minecraft:stone_pickaxe":12,"minecraft:cooked_chicken":13,"minecraft:acacia_sapling":12,"minecraft:iron_sword":11,"minecraft:soul_sand":18,"minecraft:book":27,"cobblemon:chilan_berry":17,"cobblemon:payapa_berry":16,"minecraft:dandelion":1,"minecraft:raw_iron_block":2,"minecraft:gravel":5,"minecraft:lava_bucket":1,"cobblemon:premier_ball":4,"minecraft:white_bed":1,"minecraft:spider_eye":7,"minecraft:stone_axe":17,"minecraft:iron_helmet":8,"cobblemon:water_stone":1,"minecraft:acacia_slab":22,"minecraft:coal":155,"minecraft:hopper":2},"minecraft:used":{"minecraft:red_sand":2,"minecraft:ladder":3,"minecraft:chest":1,"minecraft:shield":80,"minecraft:iron_sword":258,"minecraft:rotten_flesh":24,"minecraft:iron_chestplate":2,"minecraft:acacia_sapling":10,"minecraft:acacia_button":7,"minecraft:tuff":19,"minecraft:lava_bucket":1,"minecraft:iron_helmet":2,"minecraft:stone_bricks":5,"minecraft:bow":1,"minecraft:furnace":3,"minecraft:egg":5,"minecraft:diorite":3,"minecraft:oak_planks":5,"minecraft:stone_pickaxe":573,"minecraft:wooden_pickaxe":35,"minecraft:white_wool":1,"minecraft:sand":5,"minecraft:crossbow":2,"cobblemon:green_apricorn_seed":19,"minecraft:acacia_door":5,"minecraft:melon_slice":21,"minecraft:bread":49,"minecraft:string":2,"minecraft:lectern":2,"minecraft:gravel":4,"minecraft:diamond_sword":49,"minecraft:andesite":2,"minecraft:oak_boat":7,"minecraft:stone_sword":311,"minecraft:acacia_log":3,"minecraft:flint_and_steel":27,"minecraft:stone_shovel":176,"minecraft:stone_hoe":6,"minecraft:cooked_chicken":14,"minecraft:netherrack":1,"minecraft:orange_bed":8,"minecraft:torch":96,"minecraft:dirt":101,"minecraft:hopper":1,"minecraft:granite":26,"minecraft:wooden_axe":49,"minecraft:iron_axe":440,"minecraft:acacia_slab":12,"cobblemon:pink_apricorn_seed":1,"minecraft:iron_boots":3,"minecraft:barrel":1,"minecraft:cooked_beef":24,"minecraft:acacia_planks":129,"minecraft:cobbled_deepslate":26,"minecraft:golden_axe":17,"minecraft:iron_leggings":2,"minecraft:wheat_seeds":146,"minecraft:cooked_mutton":2,"minecraft:acacia_boat":6,"minecraft:water_bucket":70,"minecraft:cartography_table":3,"minecraft:crafting_table":6,"minecraft:red_bed":1,"minecraft:smoker":1,"minecraft:oak_log":2,"minecraft:acacia_sign":14,"minecraft:chicken":1,"minecraft:iron_pickaxe":112,"minecraft:stone_axe":149,"minecraft:cobblestone":101,"minecraft:cooked_porkchop":1,"minecraft:bucket":73,"minecraft:yellow_bed":2,"minecraft:brush":1},"minecraft:killed":{"minecraft:spider":7,"minecraft:skeleton":11,"minecraft:chicken":3,"minecraft:pig":1,"minecraft:zombie_villager":3,"minecraft:iron_golem":1,"minecraft:sheep":1,"minecraft:pillager":2,"minecraft:zombie":81,"minecraft:cow":2,"cobblemon:pokemon":29},"minecraft:mined":{"minecraft:white_bed":1,"cobblemon:apricorn_log":11,"minecraft:granite":28,"minecraft:red_sand":3,"minecraft:acacia_log":73,"minecraft:grass_block":54,"minecraft:soul_soil":3,"minecraft:hopper":1,"minecraft:tall_seagrass":1,"minecraft:barrel":1,"minecraft:iron_ore":3,"minecraft:cobbled_deepslate":2,"minecraft:fire":4,"minecraft:deepslate_lapis_ore":7,"minecraft:tripwire":1,"minecraft:orange_bed":8,"minecraft:deepslate_redstone_ore":5,"minecraft:red_bed":1,"minecraft:smoker":2,"minecraft:soul_fire":4,"minecraft:torch":6,"cobblemon:apricorn_leaves":144,"minecraft:melon":9,"minecraft:dead_bush":1,"minecraft:cobblestone":6,"minecraft:oak_planks":1,"minecraft:wall_torch":6,"minecraft:acacia_sapling":1,"minecraft:wheat":132,"minecraft:grass":374,"minecraft:oak_log":16,"minecraft:sand":17,"minecraft:dirt":67,"minecraft:acacia_sign":2,"minecraft:netherrack":4,"minecraft:oak_leaves":7,"minecraft:deepslate":128,"minecraft:tuff":31,"minecraft:deepslate_diamond_ore":1,"minecraft:acacia_button":4,"minecraft:acacia_slab":11,"minecraft:cartography_table":4,"minecraft:hay_block":26,"minecraft:acacia_wood":1,"minecraft:andesite":17,"minecraft:gold_block":2,"minecraft:bookshelf":9,"minecraft:deepslate_iron_ore":41,"minecraft:stone":289,"minecraft:acacia_leaves":27,"minecraft:soul_sand":4,"minecraft:dandelion":1,"minecraft:crafting_table":3,"minecraft:lectern":4,"minecraft:tall_grass":19,"minecraft:copper_ore":21,"minecraft:deepslate_gold_ore":18,"cobblemon:chilan_berry":1,"minecraft:diorite":23,"minecraft:yellow_bed":2,"minecraft:coal_ore":51,"minecraft:gravel":7,"minecraft:acacia_door":4,"minecraft:acacia_planks":34,"minecraft:stone_bricks":2,"minecraft:acacia_wall_sign":10,"minecraft:fern":1},"minecraft:crafted":{"minecraft:oak_planks":40,"minecraft:barrel":1,"minecraft:cooked_chicken":19,"cobblemon:apricorn_planks":48,"minecraft:cooked_mutton":1,"minecraft:hopper":1,"minecraft:iron_boots":2,"minecraft:chest":4,"minecraft:stone_hoe":1,"minecraft:cooked_porkchop":1,"minecraft:crafting_table":4,"minecraft:acacia_slab":18,"minecraft:wooden_pickaxe":1,"cobblemon:verdant_ball":180,"minecraft:iron_helmet":1,"minecraft:brush":1,"minecraft:copper_ingot":77,"minecraft:acacia_button":3,"minecraft:iron_chestplate":1,"minecraft:yellow_dye":1,"minecraft:shield":1,"minecraft:stick":72,"minecraft:iron_ingot":51,"minecraft:iron_pickaxe":1,"minecraft:stone_sword":2,"minecraft:acacia_door":3,"minecraft:gold_ingot":36,"minecraft:raw_iron":9,"minecraft:stone_shovel":1,"minecraft:furnace":2,"minecraft:yellow_bed":1,"minecraft:bone_meal":9,"minecraft:iron_axe":3,"minecraft:ladder":3,"minecraft:stone_pickaxe":5,"minecraft:wheat":234,"minecraft:cooked_beef":26,"minecraft:iron_sword":1,"minecraft:bucket":1,"minecraft:stone_axe":3,"minecraft:acacia_boat":1,"minecraft:bread":125,"minecraft:oak_boat":2,"minecraft:acacia_sign":6,"minecraft:wooden_axe":1,"minecraft:iron_leggings":1,"minecraft:acacia_planks":292,"minecraft:torch":64},"minecraft:custom":{"minecraft:interact_with_crafting_table":70,"minecraft:leave_game":1,"minecraft:time_since_death":40084,"minecraft:sprint_one_cm":636958,"minecraft:damage_blocked_by_shield":4490,"minecraft:drop":159,"minecraft:play_time":716373,"minecraft:deaths":27,"minecraft:jump":8064,"minecraft:walk_on_water_one_cm":198365,"minecraft:enchant_item":1,"minecraft:interact_with_furnace":127,"minecraft:sleep_in_bed":22,"minecraft:damage_dealt":20544,"minecraft:player_kills":7,"minecraft:crouch_one_cm":5355,"minecraft:horse_one_cm":7478,"minecraft:mob_kills":147,"minecraft:inspect_hopper":1,"minecraft:climb_one_cm":36746,"minecraft:walk_one_cm":2946467,"minecraft:sneak_time":3183,"minecraft:walk_under_water_one_cm":137253,"minecraft:boat_one_cm":579319,"minecraft:total_world_time":716373,"minecraft:time_since_rest":40125,"minecraft:damage_taken":13286,"minecraft:swim_one_cm":160200,"minecraft:fly_one_cm":696778,"minecraft:open_chest":185,"minecraft:fall_one_cm":142628}},"DataVersion":3465}