{"stats":{"minecraft:picked_up":{"minecraft:wooden_axe":2,"minecraft:iron_chestplate":15,"minecraft:crafting_table":4,"minecraft:wheat":256,"minecraft:chicken":26,"minecraft:clay_ball":22,"cobblemon:red_apricorn":6,"minecraft:wooden_pickaxe":1,"cobblemon:charti_berry":1,"minecraft:red_bed":1,"minecraft:shield":10,"minecraft:flint_and_steel":3,"minecraft:cooked_salmon":4,"cobblemon:white_apricorn":1,"minecraft:string":3,"minecraft:soul_soil":4,"minecraft:raw_copper":74,"minecraft:iron_axe":5,"minecraft:acacia_door":8,"minecraft:iron_leggings":6,"minecraft:iron_shovel":2,"minecraft:cobbled_deepslate":1098,"cobblemon:green_apricorn":184,"minecraft:bucket":2,"minecraft:beef":26,"minecraft:acacia_sign":5,"cobblemon:oran_berry":39,"minecraft:oak_boat":1,"minecraft:iron_pickaxe":24,"cobblemon:quick_ball":5,"minecraft:melon_slice":90,"minecraft:chest":2,"cobblemon:green_apricorn_seed":15,"minecraft:furnace":1,"minecraft:iron_boots":19,"minecraft:egg":4,"minecraft:stick":309,"minecraft:raw_iron":56,"cobblemon:apricorn_log":14,"minecraft:copper_ingot":300,"minecraft:torch":115,"minecraft:acacia_log":61,"minecraft:porkchop":1,"cobblemon:rawst_berry":13,"minecraft:golden_axe":2,"minecraft:diorite":29,"cobblemon:citrine_ball":6,"minecraft:redstone":40,"minecraft:stone_sword":9,"minecraft:arrow":70,"minecraft:rotten_flesh":82,"minecraft:light_blue_wool":1,"minecraft:hay_block":11,"minecraft:obsidian":4,"minecraft:mutton":5,"cobblemon:verdant_ball":335,"minecraft:blaze_powder":2,"minecraft:white_wool":1,"minecraft:cobblestone":425,"minecraft:air":0,"minecraft:feather":58,"minecraft:cooked_beef":39,"minecraft:water_bucket":3,"minecraft:andesite":9,"minecraft:leather":18,"minecraft:golden_leggings":1,"minecraft:flint":2,"minecraft:tuff":606,"minecraft:oak_log":11,"minecraft:yellow_bed":2,"cobblemon:protector":8,"minecraft:gunpowder":6,"minecraft:lapis_lazuli":53,"minecraft:dirt":308,"minecraft:cooked_mutton":1,"minecraft:bone":50,"minecraft:acacia_planks":375,"minecraft:stone_bricks":18,"minecraft:bow":5,"minecraft:wheat_seeds":528,"minecraft:raw_gold":37,"minecraft:iron_ingot":21,"minecraft:stone_pickaxe":10,"minecraft:cooked_chicken":13,"minecraft:stone_hoe":7,"minecraft:iron_sword":11,"minecraft:oak_planks":66,"minecraft:acacia_sapling":10,"minecraft:soul_sand":18,"cobblemon:apricorn_planks":356,"cobblemon:chilan_berry":14,"minecraft:cooked_porkchop":1,"cobblemon:payapa_berry":16,"cobblemon:premier_ball":4,"minecraft:dandelion":1,"minecraft:raw_iron_block":2,"minecraft:gravel":5,"cobblemon:persim_berry":9,"minecraft:white_bed":1,"minecraft:spider_eye":6,"cobblemon:poke_ball":4,"minecraft:diamond":3,"minecraft:stone_axe":14,"minecraft:iron_helmet":6,"minecraft:crossbow":2,"minecraft:granite":72,"minecraft:bone_meal":6,"minecraft:bread":38,"cobblemon:water_stone":1,"minecraft:netherrack":7,"minecraft:coal":149},"minecraft:killed":{"minecraft:spider":4,"minecraft:skeleton":10,"minecraft:chicken":3,"minecraft:pig":1,"cobblemon:pokemon":28,"minecraft:zombie_villager":2,"minecraft:sheep":1,"minecraft:pillager":2,"minecraft:zombie":25,"minecraft:cow":2},"minecraft:custom":{"minecraft:mob_kills":84,"minecraft:interact_with_crafting_table":52,"minecraft:time_since_death":13853,"minecraft:climb_one_cm":26231,"minecraft:sprint_one_cm":357807,"minecraft:walk_one_cm":2343936,"minecraft:damage_blocked_by_shield":3650,"minecraft:drop":117,"minecraft:play_time":509050,"minecraft:deaths":25,"minecraft:sneak_time":1871,"minecraft:walk_under_water_one_cm":87051,"minecraft:boat_one_cm":100395,"minecraft:jump":5852,"minecraft:walk_on_water_one_cm":110185,"minecraft:total_world_time":509050,"minecraft:interact_with_furnace":117,"minecraft:sleep_in_bed":18,"minecraft:time_since_rest":9041,"minecraft:damage_taken":11163,"minecraft:damage_dealt":17113,"minecraft:player_kills":7,"minecraft:swim_one_cm":71974,"minecraft:fly_one_cm":341753,"minecraft:open_chest":102,"minecraft:crouch_one_cm":3719,"minecraft:fall_one_cm":98905},"minecraft:dropped":{"minecraft:stone_hoe":1,"minecraft:iron_ingot":5,"minecraft:wheat_seeds":236,"minecraft:crossbow":1,"minecraft:cobblestone":2,"minecraft:leather":5,"cobblemon:water_stone":1,"minecraft:granite":36,"cobblemon:verdant_ball":26,"minecraft:copper_ingot":10,"minecraft:coal":4,"minecraft:flint":1,"minecraft:lava_bucket":1,"cobblemon:protector":2,"minecraft:diorite":1,"minecraft:mutton":2,"minecraft:light_blue_wool":1,"minecraft:wooden_axe":1,"minecraft:iron_pickaxe":1,"minecraft:iron_shovel":2,"minecraft:string":1,"minecraft:acacia_planks":25,"cobblemon:red_apricorn":1,"minecraft:redstone":20,"minecraft:gold_ingot":14,"minecraft:stone_axe":1,"minecraft:cooked_chicken":4,"minecraft:stone_sword":1,"minecraft:cobbled_deepslate":64,"minecraft:tuff":77,"minecraft:chicken":1,"minecraft:rotten_flesh":5,"minecraft:oak_planks":16,"minecraft:blaze_powder":2,"minecraft:shield":1,"minecraft:gunpowder":2,"minecraft:iron_chestplate":1,"minecraft:andesite":1,"minecraft:chest":2,"minecraft:spider_eye":3,"cobblemon:citrine_ball":3,"minecraft:arrow":53,"minecraft:stone_pickaxe":1},"minecraft:broken":{"minecraft:stone_sword":2,"minecraft:stone_pickaxe":3,"minecraft:iron_axe":1,"minecraft:iron_sword":1},"minecraft:mined":{"minecraft:tuff":31,"minecraft:white_bed":1,"minecraft:deepslate_diamond_ore":1,"cobblemon:apricorn_log":11,"minecraft:granite":28,"minecraft:acacia_log":60,"minecraft:grass_block":2,"minecraft:soul_soil":3,"minecraft:iron_ore":3,"minecraft:cobbled_deepslate":2,"minecraft:andesite":16,"minecraft:deepslate_lapis_ore":7,"minecraft:deepslate_iron_ore":41,"minecraft:stone":289,"minecraft:tripwire":1,"minecraft:deepslate_redstone_ore":5,"minecraft:acacia_leaves":24,"minecraft:red_bed":1,"minecraft:soul_sand":4,"minecraft:soul_fire":4,"minecraft:dandelion":1,"cobblemon:apricorn_leaves":143,"minecraft:crafting_table":3,"minecraft:torch":6,"minecraft:melon":9,"minecraft:copper_ore":21,"minecraft:tall_grass":18,"minecraft:cobblestone":6,"minecraft:deepslate_gold_ore":18,"cobblemon:chilan_berry":1,"minecraft:wall_torch":4,"minecraft:diorite":23,"minecraft:wheat":132,"minecraft:yellow_bed":2,"minecraft:grass":190,"minecraft:coal_ore":51,"minecraft:oak_log":11,"minecraft:acacia_door":4,"minecraft:gravel":7,"minecraft:dirt":18,"minecraft:acacia_planks":33,"minecraft:stone_bricks":2,"minecraft:netherrack":4,"minecraft:oak_leaves":3,"minecraft:acacia_wall_sign":1,"minecraft:deepslate":128,"minecraft:fern":1},"minecraft:killed_by":{"minecraft:player":14,"minecraft:creeper":3,"minecraft:piglin":1,"minecraft:skeleton":4,"minecraft:zombie":2},"minecraft:crafted":{"minecraft:oak_planks":36,"minecraft:raw_iron":9,"minecraft:cooked_chicken":19,"cobblemon:apricorn_planks":48,"minecraft:furnace":2,"minecraft:yellow_bed":1,"minecraft:bone_meal":9,"minecraft:cooked_mutton":1,"minecraft:iron_boots":2,"minecraft:iron_axe":3,"minecraft:ladder":3,"minecraft:stone_pickaxe":5,"minecraft:chest":3,"minecraft:stone_hoe":1,"minecraft:cooked_beef":26,"minecraft:cooked_porkchop":1,"minecraft:crafting_table":3,"cobblemon:verdant_ball":136,"minecraft:wooden_pickaxe":1,"minecraft:iron_helmet":1,"minecraft:brush":1,"minecraft:iron_sword":1,"minecraft:copper_ingot":49,"minecraft:bucket":1,"minecraft:stone_axe":3,"minecraft:bread":42,"minecraft:oak_boat":1,"minecraft:iron_chestplate":1,"minecraft:yellow_dye":1,"minecraft:shield":1,"minecraft:stick":56,"minecraft:iron_ingot":51,"minecraft:iron_pickaxe":1,"minecraft:wooden_axe":1,"minecraft:stone_sword":2,"minecraft:iron_leggings":1,"minecraft:acacia_door":3,"minecraft:gold_ingot":14,"minecraft:acacia_planks":240,"minecraft:torch":64},"minecraft:used":{"minecraft:stone_sword":311,"minecraft:acacia_log":3,"minecraft:ladder":3,"minecraft:chest":1,"minecraft:shield":65,"minecraft:iron_sword":258,"minecraft:cooked_chicken":14,"minecraft:rotten_flesh":16,"minecraft:stone_hoe":6,"minecraft:netherrack":1,"minecraft:iron_chestplate":2,"minecraft:torch":95,"minecraft:dirt":38,"minecraft:tuff":19,"minecraft:granite":26,"minecraft:wooden_axe":49,"minecraft:iron_axe":325,"minecraft:iron_helmet":2,"minecraft:iron_boots":3,"minecraft:stone_bricks":5,"minecraft:bow":1,"minecraft:furnace":3,"minecraft:egg":4,"minecraft:cooked_beef":24,"minecraft:cobbled_deepslate":26,"minecraft:acacia_planks":111,"minecraft:iron_leggings":2,"minecraft:cooked_mutton":2,"minecraft:wheat_seeds":146,"minecraft:water_bucket":44,"minecraft:diorite":3,"minecraft:stone_pickaxe":572,"minecraft:wooden_pickaxe":35,"minecraft:white_wool":1,"minecraft:crafting_table":5,"minecraft:red_bed":1,"minecraft:crossbow":2,"minecraft:oak_log":2,"cobblemon:green_apricorn_seed":15,"minecraft:acacia_sign":2,"minecraft:acacia_door":5,"minecraft:chicken":1,"minecraft:melon_slice":21,"minecraft:bread":11,"minecraft:iron_pickaxe":107,"minecraft:string":2,"minecraft:gravel":4,"minecraft:stone_axe":86,"minecraft:cobblestone":100,"minecraft:cooked_porkchop":1,"minecraft:bucket":46,"minecraft:yellow_bed":2,"minecraft:oak_boat":1,"minecraft:brush":1}},"DataVersion":3465}