{"stats":{"minecraft:picked_up":{"minecraft:wooden_axe":2,"minecraft:iron_chestplate":15,"minecraft:wheat":256,"cobblemon:sport_ball":5,"cobblemon:red_apricorn":7,"minecraft:diamond_sword":3,"cobblemon:charti_berry":1,"cobblemon:wepear_berry":1,"minecraft:string":4,"minecraft:soul_soil":4,"minecraft:raw_copper":74,"minecraft:cooked_salmon":4,"minecraft:iron_leggings":11,"minecraft:diamond_leggings":1,"minecraft:red_sand":3,"minecraft:gold_nugget":33,"minecraft:cobbled_deepslate":1294,"minecraft:bucket":4,"minecraft:acacia_sign":53,"cobblemon:oran_berry":39,"minecraft:iron_pickaxe":28,"cobblemon:quick_ball":20,"minecraft:melon_slice":90,"minecraft:furnace":1,"minecraft:iron_boots":24,"minecraft:stick":356,"cobblemon:apricorn_log":14,"minecraft:acacia_log":73,"minecraft:torch":117,"minecraft:porkchop":4,"minecraft:golden_axe":2,"minecraft:diorite":29,"minecraft:orange_bed":17,"minecraft:stone_sword":10,"minecraft:rotten_flesh":321,"minecraft:light_blue_wool":1,"minecraft:obsidian":14,"cobblemon:verdant_ball":498,"minecraft:blaze_powder":5,"minecraft:cobblestone":460,"minecraft:birch_log":17,"minecraft:feather":58,"minecraft:cooked_beef":39,"minecraft:water_bucket":5,"minecraft:andesite":10,"minecraft:brown_wool":4,"minecraft:golden_leggings":1,"minecraft:smoker":3,"minecraft:potato":1,"cobblemon:roseate_ball":8,"minecraft:flint":2,"minecraft:tuff":606,"cobblemon:protector":8,"minecraft:acacia_boat":12,"minecraft:lapis_lazuli":72,"minecraft:dirt":793,"minecraft:bone":53,"minecraft:acacia_planks":388,"minecraft:bow":6,"minecraft:wheat_seeds":577,"minecraft:raw_gold":37,"cobblemon:quick_powder":2,"minecraft:diamond_helmet":1,"minecraft:stone_hoe":7,"minecraft:oak_planks":74,"cobblemon:apricorn_planks":356,"minecraft:cooked_porkchop":1,"minecraft:sand":14,"cobblemon:persim_berry":9,"minecraft:barrel":3,"minecraft:diamond":3,"cobblemon:poke_ball":4,"minecraft:crossbow":2,"minecraft:granite":72,"minecraft:bone_meal":6,"minecraft:bread":131,"minecraft:oak_sapling":4,"minecraft:netherrack":7,"minecraft:diamond_pickaxe":2,"minecraft:crafting_table":4,"minecraft:chicken":28,"minecraft:clay_ball":22,"minecraft:wooden_pickaxe":1,"minecraft:gold_block":2,"minecraft:acacia_button":16,"minecraft:shield":12,"cobblemon:cyan_mint_seeds":2,"minecraft:red_bed":1,"minecraft:iron_axe":9,"minecraft:acacia_door":8,"minecraft:flint_and_steel":6,"cobblemon:white_apricorn":1,"minecraft:iron_shovel":2,"minecraft:cartography_table":5,"cobblemon:green_apricorn":256,"minecraft:beef":27,"minecraft:oak_boat":17,"minecraft:poppy":2,"minecraft:lectern":8,"minecraft:sugar_cane":18,"minecraft:chest":17,"cobblemon:green_apricorn_seed":19,"minecraft:phantom_membrane":3,"minecraft:egg":6,"minecraft:raw_iron":57,"minecraft:copper_ingot":300,"cobblemon:rawst_berry":14,"cobblemon:citrine_ball":6,"minecraft:carrot":1,"minecraft:redstone":41,"minecraft:arrow":75,"minecraft:stone_shovel":1,"minecraft:diamond_chestplate":1,"minecraft:diamond_boots":1,"minecraft:hay_block":37,"minecraft:mutton":5,"minecraft:white_wool":1,"minecraft:stripped_oak_log":1,"minecraft:air":0,"minecraft:leather":18,"minecraft:acacia_wood":1,"minecraft:oak_log":70,"minecraft:yellow_bed":7,"minecraft:gunpowder":6,"minecraft:cobblestone_stairs":12,"minecraft:cooked_mutton":1,"minecraft:stone_bricks":18,"minecraft:iron_ingot":31,"minecraft:stone_pickaxe":12,"minecraft:cooked_chicken":13,"minecraft:iron_sword":11,"minecraft:acacia_sapling":12,"minecraft:soul_sand":18,"cobblemon:chilan_berry":17,"minecraft:book":27,"cobblemon:payapa_berry":16,"minecraft:dandelion":1,"minecraft:raw_iron_block":2,"minecraft:gravel":5,"minecraft:lava_bucket":2,"cobblemon:premier_ball":4,"minecraft:white_bed":1,"minecraft:spider_eye":7,"minecraft:stone_axe":18,"minecraft:iron_helmet":8,"cobblemon:water_stone":1,"minecraft:acacia_slab":48,"minecraft:coal":158,"minecraft:hopper":3},"minecraft:killed":{"minecraft:spider":7,"minecraft:skeleton":12,"minecraft:chicken":3,"minecraft:pig":1,"minecraft:zombie_villager":3,"minecraft:iron_golem":1,"minecraft:sheep":1,"minecraft:pillager":2,"minecraft:zombie":131,"minecraft:cow":2,"cobblemon:pokemon":30,"minecraft:villager":1},"minecraft:broken":{"minecraft:wooden_shovel":1,"minecraft:stone_pickaxe":4,"minecraft:stone_axe":1,"minecraft:iron_sword":1,"minecraft:stone_shovel":2,"minecraft:stone_sword":2,"minecraft:iron_axe":2,"minecraft:iron_helmet":1},"minecraft:crafted":{"minecraft:oak_planks":108,"minecraft:barrel":1,"minecraft:cooked_chicken":19,"cobblemon:apricorn_planks":48,"minecraft:cobblestone_stairs":12,"minecraft:cooked_mutton":1,"minecraft:hopper":2,"minecraft:iron_boots":2,"minecraft:chest":5,"minecraft:stone_hoe":1,"minecraft:wooden_shovel":1,"minecraft:cooked_porkchop":1,"minecraft:crafting_table":4,"minecraft:acacia_slab":18,"cobblemon:verdant_ball":180,"minecraft:wooden_pickaxe":1,"minecraft:iron_helmet":1,"minecraft:brush":1,"minecraft:copper_ingot":77,"minecraft:acacia_button":3,"minecraft:iron_chestplate":1,"minecraft:yellow_dye":1,"minecraft:shield":1,"minecraft:stick":76,"minecraft:iron_pickaxe":1,"minecraft:iron_ingot":51,"minecraft:stone_sword":3,"minecraft:acacia_door":3,"minecraft:gold_ingot":36,"minecraft:raw_iron":9,"minecraft:stone_shovel":2,"minecraft:furnace":2,"minecraft:yellow_bed":1,"minecraft:bone_meal":9,"minecraft:iron_axe":4,"minecraft:ladder":3,"minecraft:stone_pickaxe":5,"minecraft:wheat":234,"minecraft:cooked_beef":26,"minecraft:iron_sword":1,"minecraft:bucket":1,"minecraft:stone_axe":3,"minecraft:acacia_boat":1,"minecraft:bread":125,"minecraft:oak_boat":2,"minecraft:acacia_sign":6,"minecraft:wooden_axe":1,"minecraft:iron_leggings":1,"minecraft:acacia_planks":292,"minecraft:torch":64},"minecraft:dropped":{"minecraft:acacia_boat":1,"minecraft:iron_sword":1,"minecraft:lapis_lazuli":17,"minecraft:oak_log":1,"minecraft:crossbow":1,"minecraft:leather":5,"cobblemon:verdant_ball":26,"cobblemon:link_cable":1,"minecraft:flint":1,"cobblemon:protector":2,"minecraft:mutton":2,"minecraft:gold_nugget":11,"minecraft:sand":9,"minecraft:iron_pickaxe":1,"minecraft:gold_ingot":14,"cobblemon:red_apricorn":1,"minecraft:stone_axe":2,"minecraft:cooked_chicken":4,"minecraft:cobbled_deepslate":64,"minecraft:wheat":1,"minecraft:rotten_flesh":76,"minecraft:oak_planks":80,"minecraft:blaze_powder":3,"minecraft:poppy":1,"cobblemon:cyan_mint_seeds":2,"minecraft:gunpowder":2,"minecraft:chest":2,"minecraft:arrow":53,"cobblemon:citrine_ball":3,"cobblemon:quick_powder":1,"minecraft:water_bucket":1,"minecraft:stone_hoe":1,"minecraft:iron_ingot":5,"minecraft:bread":4,"minecraft:wheat_seeds":270,"minecraft:diamond_leggings":1,"minecraft:cobblestone":2,"cobblemon:water_stone":1,"minecraft:granite":36,"minecraft:copper_ingot":10,"cobblemon:roseate_ball":8,"minecraft:coal":4,"cobblemon:chilan_berry":1,"minecraft:lava_bucket":1,"minecraft:diorite":1,"minecraft:light_blue_wool":1,"minecraft:wooden_axe":1,"minecraft:diamond_helmet":1,"cobblemon:sport_ball":3,"minecraft:iron_shovel":2,"minecraft:string":1,"minecraft:bucket":1,"minecraft:acacia_planks":25,"minecraft:redstone":20,"minecraft:stone_sword":1,"minecraft:tuff":77,"minecraft:chicken":1,"cobblemon:quick_ball":14,"minecraft:diamond_sword":3,"minecraft:shield":1,"minecraft:diamond_chestplate":1,"minecraft:iron_chestplate":1,"minecraft:diamond_pickaxe":2,"minecraft:andesite":1,"minecraft:spider_eye":3,"minecraft:diamond_boots":1,"minecraft:red_sand":1,"minecraft:bow":1,"minecraft:stone_pickaxe":1},"minecraft:custom":{"minecraft:interact_with_crafting_table":84,"minecraft:leave_game":3,"minecraft:time_since_death":44995,"minecraft:sprint_one_cm":832640,"minecraft:damage_blocked_by_shield":4490,"minecraft:drop":191,"minecraft:talked_to_villager":2,"minecraft:play_time":837007,"minecraft:deaths":31,"minecraft:jump":9721,"minecraft:walk_on_water_one_cm":233888,"minecraft:enchant_item":1,"minecraft:interact_with_furnace":127,"minecraft:sleep_in_bed":32,"minecraft:damage_dealt":22953,"minecraft:player_kills":7,"minecraft:crouch_one_cm":9201,"minecraft:horse_one_cm":7478,"minecraft:mob_kills":201,"minecraft:inspect_hopper":2,"minecraft:climb_one_cm":48893,"minecraft:walk_one_cm":3415848,"minecraft:sneak_time":4855,"minecraft:walk_under_water_one_cm":166462,"minecraft:boat_one_cm":692272,"minecraft:total_world_time":837007,"minecraft:time_since_rest":5799,"minecraft:damage_taken":15081,"minecraft:swim_one_cm":207666,"minecraft:fly_one_cm":911977,"minecraft:open_chest":248,"minecraft:fall_one_cm":175222},"minecraft:mined":{"minecraft:white_bed":1,"minecraft:cobblestone_stairs":14,"cobblemon:apricorn_log":11,"minecraft:granite":28,"minecraft:red_sand":3,"minecraft:acacia_log":73,"minecraft:grass_block":201,"minecraft:soul_soil":3,"minecraft:hopper":1,"minecraft:tall_seagrass":1,"minecraft:cobbled_deepslate":70,"minecraft:iron_ore":3,"minecraft:fire":5,"minecraft:barrel":1,"minecraft:deepslate_lapis_ore":7,"minecraft:tripwire":1,"minecraft:orange_bed":16,"minecraft:deepslate_redstone_ore":5,"minecraft:red_bed":1,"minecraft:smoker":2,"minecraft:soul_fire":4,"minecraft:torch":6,"cobblemon:apricorn_leaves":144,"minecraft:melon":9,"minecraft:chest":7,"minecraft:dead_bush":1,"minecraft:cobblestone":7,"minecraft:sugar_cane":8,"minecraft:oak_planks":2,"minecraft:wall_torch":6,"minecraft:acacia_sapling":1,"minecraft:birch_log":17,"minecraft:wheat":132,"minecraft:grass":463,"minecraft:oak_log":68,"minecraft:sand":17,"minecraft:dirt":161,"minecraft:acacia_sign":2,"minecraft:netherrack":4,"minecraft:oak_leaves":19,"minecraft:deepslate":128,"minecraft:tuff":31,"minecraft:deepslate_diamond_ore":1,"minecraft:acacia_button":4,"minecraft:acacia_slab":17,"minecraft:cartography_table":4,"minecraft:hay_block":26,"minecraft:acacia_wood":1,"minecraft:andesite":17,"minecraft:gold_block":2,"minecraft:bookshelf":9,"minecraft:deepslate_iron_ore":42,"minecraft:stone":322,"minecraft:acacia_leaves":27,"minecraft:soul_sand":4,"minecraft:dandelion":1,"minecraft:crafting_table":3,"minecraft:lectern":4,"cobblemon:cyan_mint":1,"minecraft:tall_grass":30,"minecraft:copper_ore":21,"minecraft:deepslate_gold_ore":18,"cobblemon:chilan_berry":1,"minecraft:diorite":23,"minecraft:yellow_bed":7,"minecraft:coal_ore":51,"minecraft:gravel":7,"minecraft:acacia_door":4,"minecraft:acacia_planks":34,"minecraft:stone_bricks":2,"minecraft:acacia_wall_sign":10,"minecraft:fern":1},"minecraft:killed_by":{"minecraft:creeper":3,"minecraft:piglin":1,"minecraft:zombie":5,"minecraft:player":15,"minecraft:iron_golem":1,"minecraft:skeleton":5},"minecraft:used":{"minecraft:red_sand":2,"minecraft:ladder":3,"minecraft:chest":10,"minecraft:shield":80,"minecraft:iron_sword":258,"minecraft:rotten_flesh":74,"minecraft:iron_chestplate":2,"minecraft:acacia_sapling":10,"minecraft:acacia_button":10,"minecraft:tuff":19,"minecraft:obsidian":1,"minecraft:lava_bucket":2,"minecraft:iron_helmet":2,"minecraft:stone_bricks":5,"minecraft:bow":1,"minecraft:oak_sapling":1,"minecraft:furnace":3,"minecraft:egg":6,"minecraft:diorite":3,"minecraft:oak_planks":5,"minecraft:stone_pickaxe":612,"minecraft:wooden_pickaxe":35,"minecraft:white_wool":1,"minecraft:sand":5,"minecraft:crossbow":2,"cobblemon:green_apricorn_seed":20,"minecraft:acacia_door":5,"minecraft:melon_slice":21,"minecraft:bread":49,"minecraft:string":3,"minecraft:lectern":2,"minecraft:gravel":4,"minecraft:diamond_sword":49,"minecraft:andesite":2,"minecraft:oak_boat":13,"minecraft:stone_sword":362,"minecraft:acacia_log":3,"minecraft:flint_and_steel":28,"minecraft:stone_shovel":311,"minecraft:wooden_shovel":63,"minecraft:cooked_chicken":14,"minecraft:stone_hoe":6,"minecraft:netherrack":1,"minecraft:orange_bed":16,"minecraft:torch":96,"minecraft:dirt":278,"minecraft:hopper":2,"minecraft:granite":26,"minecraft:wooden_axe":49,"minecraft:iron_axe":578,"minecraft:acacia_slab":28,"cobblemon:pink_apricorn_seed":1,"minecraft:iron_boots":4,"minecraft:barrel":2,"minecraft:cooked_beef":24,"minecraft:cobbled_deepslate":146,"minecraft:acacia_planks":129,"minecraft:golden_axe":17,"minecraft:iron_leggings":3,"minecraft:wheat_seeds":146,"minecraft:cooked_mutton":2,"minecraft:acacia_boat":8,"minecraft:water_bucket":96,"minecraft:cobblestone_stairs":14,"minecraft:cartography_table":4,"minecraft:crafting_table":6,"minecraft:red_bed":1,"minecraft:smoker":2,"minecraft:oak_log":2,"minecraft:acacia_sign":23,"minecraft:chicken":2,"minecraft:iron_pickaxe":232,"minecraft:stone_axe":154,"minecraft:cobblestone":110,"minecraft:cooked_porkchop":1,"minecraft:bucket":99,"minecraft:yellow_bed":7,"minecraft:brush":1}},"DataVersion":3465}