{"stats":{"minecraft:crafted":{"minecraft:oak_planks":8,"cobblemon:slate_ball":24,"minecraft:bread":14,"cobblemon:azure_ball":20},"minecraft:dropped":{"minecraft:wheat_seeds":63,"minecraft:rotten_flesh":1},"minecraft:broken":{"minecraft:iron_axe":1},"minecraft:killed":{"minecraft:spider":2,"minecraft:zombie":4},"minecraft:killed_by":{"minecraft:player":1,"minecraft:creeper":1},"minecraft:mined":{"minecraft:grass_block":14,"minecraft:cobblestone":2,"minecraft:tall_grass":2,"minecraft:pink_petals":3,"minecraft:carrots":1,"minecraft:wheat":44,"minecraft:grass":6,"minecraft:dirt":1},"minecraft:custom":{"minecraft:mob_kills":6,"minecraft:interact_with_crafting_table":5,"minecraft:bell_ring":1,"minecraft:leave_game":1,"minecraft:time_since_death":19837,"minecraft:sleep_in_bed":2,"minecraft:time_since_rest":8931,"minecraft:sprint_one_cm":146011,"minecraft:damage_taken":1000,"minecraft:walk_one_cm":146580,"minecraft:damage_blocked_by_shield":105,"minecraft:drop":64,"minecraft:damage_dealt":988,"minecraft:swim_one_cm":59122,"minecraft:fly_one_cm":253589,"minecraft:open_chest":11,"minecraft:crouch_one_cm":99,"minecraft:play_time":55364,"minecraft:deaths":2,"minecraft:sneak_time":475,"minecraft:walk_under_water_one_cm":30487,"minecraft:jump":1014,"minecraft:walk_on_water_one_cm":28329,"minecraft:total_world_time":55364,"minecraft:fall_one_cm":26852},"minecraft:used":{"minecraft:wheat_seeds":44,"minecraft:cherry_sapling":2,"minecraft:water_bucket":4,"minecraft:stone_shovel":15,"minecraft:oak_planks":5,"minecraft:shield":1,"minecraft:cherry_planks":18,"minecraft:iron_chestplate":2,"minecraft:dirt":21,"cobblemon:black_apricorn_seed":1,"minecraft:iron_axe":58,"minecraft:oak_stairs":1,"minecraft:iron_pickaxe":7,"minecraft:iron_helmet":1,"minecraft:iron_boots":1,"minecraft:pink_petals":4,"minecraft:cobblestone":1,"minecraft:bucket":4,"minecraft:cooked_beef":9,"minecraft:dandelion":1,"cobblemon:blue_apricorn_seed":2,"minecraft:iron_leggings":1},"minecraft:picked_up":{"minecraft:pink_petals":7,"minecraft:iron_chestplate":1,"minecraft:crafting_table":1,"minecraft:wheat":43,"minecraft:cooked_beef":7,"minecraft:cherry_planks":44,"minecraft:water_bucket":1,"cobblemon:yellow_apricorn":4,"cobblemon:red_apricorn":4,"minecraft:oak_stairs":1,"cobblemon:slate_ball":10,"minecraft:oak_log":2,"minecraft:cherry_fence":2,"minecraft:shield":1,"minecraft:string":4,"minecraft:dirt":22,"minecraft:iron_leggings":1,"minecraft:wheat_seeds":127,"cobblemon:black_apricorn":25,"minecraft:stone_pickaxe":1,"cobblemon:oran_berry":103,"minecraft:rose_bush":4,"minecraft:iron_pickaxe":1,"minecraft:chest":1,"minecraft:oak_planks":2,"minecraft:iron_boots":1,"minecraft:furnace":1,"cobblemon:azure_ball":9,"minecraft:stick":18,"minecraft:copper_ingot":22,"cobblemon:black_apricorn_seed":1,"minecraft:torch":42,"minecraft:dandelion":2,"cobblemon:blue_apricorn_seed":2,"cobblemon:cheri_berry":23,"minecraft:carrot":4,"minecraft:rotten_flesh":1,"minecraft:stone_shovel":1,"minecraft:iron_helmet":1,"cobblemon:blue_apricorn":22,"minecraft:coal":2,"minecraft:cobblestone":4}},"DataVersion":3465}