{"stats":{"minecraft:picked_up":{"minecraft:iron_chestplate":5,"minecraft:nether_brick_fence":2,"minecraft:lead":2,"cobblemon:red_apricorn":14,"cobblemon:sport_ball":5,"cobblemon:charti_berry":1,"minecraft:enchanted_book":1,"cobblemon:sharp_beak":1,"minecraft:string":23,"minecraft:soul_soil":346,"minecraft:raw_copper":126,"minecraft:iron_leggings":5,"minecraft:experience_bottle":1,"minecraft:gold_nugget":4,"minecraft:cobbled_deepslate":513,"cobblemon:white_apricorn_seed":6,"minecraft:spruce_planks":1,"minecraft:acacia_sign":1,"cobblemon:oran_berry":65,"minecraft:cobblestone_slab":5,"minecraft:iron_pickaxe":3,"cobblemon:quick_ball":17,"minecraft:melon_slice":12,"minecraft:iron_boots":7,"minecraft:furnace":10,"minecraft:stick":29,"cobblemon:apricorn_log":5,"minecraft:acacia_fence":2,"minecraft:torch":14,"minecraft:acacia_log":122,"minecraft:porkchop":2,"minecraft:diorite":38,"minecraft:golden_chestplate":1,"minecraft:cauldron":2,"minecraft:orange_bed":4,"minecraft:stone_sword":5,"minecraft:rotten_flesh":65,"minecraft:light_blue_wool":1,"minecraft:blaze_rod":2,"cobblemon:verdant_ball":179,"minecraft:obsidian":40,"minecraft:blaze_powder":2,"minecraft:cobblestone":2146,"cobblemon:great_ball":1,"minecraft:feather":11,"minecraft:cooked_beef":2,"cobblemon:ultra_ball":6,"minecraft:water_bucket":2,"minecraft:andesite":10,"minecraft:smoker":3,"minecraft:flint":3,"minecraft:tuff":141,"minecraft:acacia_boat":4,"minecraft:lapis_lazuli":30,"minecraft:dirt":151,"minecraft:name_tag":1,"cobblemon:luxury_ball":2,"minecraft:bone":27,"minecraft:acacia_planks":361,"minecraft:bow":9,"minecraft:wheat_seeds":374,"cobblemon:black_apricorn":5,"minecraft:raw_gold":10,"minecraft:fletching_table":1,"minecraft:oak_planks":30,"minecraft:ghast_tear":6,"minecraft:sand":10,"cobblemon:persim_berry":25,"minecraft:grass_block":1,"cobblemon:shuca_berry":8,"minecraft:stripped_acacia_log":2,"minecraft:diamond":52,"minecraft:crossbow":4,"minecraft:granite":86,"cobblemon:rindo_berry":4,"cobblemon:chesto_berry":2,"minecraft:emerald":9,"minecraft:bread":77,"cobblemon:medicinal_leek":145,"minecraft:oak_sapling":6,"minecraft:netherrack":1142,"minecraft:crafting_table":12,"minecraft:chicken":11,"minecraft:ladder":5,"cobblemon:yellow_apricorn":20,"minecraft:wooden_pickaxe":4,"minecraft:shield":7,"cobblemon:mystic_water":1,"minecraft:red_bed":1,"minecraft:iron_axe":1,"minecraft:acacia_door":3,"minecraft:flint_and_steel":3,"cobblemon:white_apricorn":12,"minecraft:iron_shovel":2,"cobblemon:link_cable":1,"cobblemon:green_apricorn":92,"minecraft:beef":10,"cobblemon:relic_coin":96,"minecraft:sugar_cane":18,"minecraft:chest":6,"cobblemon:green_apricorn_seed":10,"minecraft:phantom_membrane":5,"minecraft:spruce_trapdoor":1,"minecraft:egg":3,"minecraft:raw_iron":147,"minecraft:copper_ingot":45,"cobblemon:rawst_berry":122,"minecraft:carrot":15,"minecraft:arrow":40,"minecraft:nether_bricks":6,"minecraft:hay_block":25,"minecraft:yellow_terracotta":2,"minecraft:saddle":1,"minecraft:gold_ingot":16,"minecraft:mutton":20,"cobblemon:blue_apricorn":28,"minecraft:white_wool":13,"minecraft:air":0,"minecraft:leather":9,"minecraft:oak_log":56,"minecraft:golden_boots":1,"minecraft:gunpowder":4,"minecraft:cobblestone_stairs":6,"minecraft:cooked_mutton":3,"minecraft:apple":1,"minecraft:stone_bricks":6,"minecraft:kelp":1,"minecraft:iron_ingot":21,"minecraft:stone_pickaxe":12,"minecraft:cooked_chicken":2,"minecraft:iron_sword":5,"cobblemon:wacan_berry":1,"minecraft:acacia_sapling":8,"minecraft:soul_sand":75,"cobblemon:chilan_berry":3,"minecraft:book":27,"cobblemon:red_apricorn_seed":2,"cobblemon:payapa_berry":14,"minecraft:quartz":12,"cobblemon:blue_apricorn_seed":2,"minecraft:gravel":11,"cobblemon:cheri_berry":11,"cobblemon:yellow_apricorn_seed":1,"cobblemon:pink_apricorn":2,"minecraft:white_bed":1,"minecraft:spider_eye":1,"minecraft:stone_axe":4,"minecraft:iron_helmet":1,"minecraft:terracotta":7,"cobblemon:water_stone":2,"minecraft:coal":274,"minecraft:ender_pearl":5},"minecraft:killed":{"minecraft:zombified_piglin":1,"minecraft:spider":12,"minecraft:dolphin":1,"minecraft:skeleton":29,"minecraft:piglin":1,"minecraft:pig":2,"minecraft:creeper":7,"minecraft:sheep":10,"minecraft:trader_llama":2,"minecraft:pillager":5,"minecraft:zombie":64,"minecraft:ghast":3,"minecraft:cow":2,"minecraft:blaze":1,"minecraft:phantom":4,"cobblemon:pokemon":14,"minecraft:enderman":2},"minecraft:custom":{"minecraft:interact_with_crafting_table":137,"minecraft:leave_game":6,"minecraft:time_since_death":149561,"minecraft:sprint_one_cm":1772716,"minecraft:damage_blocked_by_shield":3080,"minecraft:drop":226,"minecraft:talked_to_villager":10,"minecraft:play_time":895844,"minecraft:deaths":16,"minecraft:jump":16218,"minecraft:walk_on_water_one_cm":139517,"minecraft:enchant_item":3,"minecraft:interact_with_furnace":126,"minecraft:traded_with_villager":5,"minecraft:sleep_in_bed":11,"minecraft:damage_dealt":30971,"minecraft:player_kills":3,"minecraft:crouch_one_cm":234689,"minecraft:interact_with_smoker":11,"minecraft:interact_with_anvil":3,"minecraft:mob_kills":162,"minecraft:climb_one_cm":69362,"minecraft:walk_one_cm":1578681,"minecraft:sneak_time":78797,"minecraft:walk_under_water_one_cm":156727,"minecraft:boat_one_cm":319649,"minecraft:total_world_time":895844,"minecraft:time_since_rest":149585,"minecraft:damage_taken":9047,"minecraft:swim_one_cm":296449,"minecraft:fly_one_cm":3564195,"minecraft:open_chest":266,"minecraft:fall_one_cm":457818},"minecraft:dropped":{"minecraft:iron_sword":1,"minecraft:soul_sand":20,"minecraft:crossbow":1,"cobblemon:persim_berry":1,"minecraft:leather":7,"cobblemon:verdant_ball":46,"minecraft:dirt":37,"cobblemon:green_apricorn":3,"minecraft:gold_nugget":3,"minecraft:iron_pickaxe":2,"minecraft:white_wool":1,"minecraft:bone":16,"cobblemon:red_apricorn":1,"minecraft:gravel":3,"minecraft:stone_axe":2,"minecraft:cooked_chicken":2,"minecraft:cobbled_deepslate":8,"minecraft:obsidian":2,"minecraft:rotten_flesh":11,"minecraft:oak_planks":16,"minecraft:cooked_mutton":1,"minecraft:gunpowder":3,"minecraft:acacia_sapling":1,"minecraft:chest":2,"minecraft:ladder":1,"minecraft:arrow":7,"minecraft:quartz":4,"minecraft:netherrack":667,"minecraft:egg":1,"minecraft:water_bucket":1,"minecraft:golden_boots":1,"minecraft:iron_ingot":3,"minecraft:bread":19,"cobblemon:wacan_berry":1,"minecraft:wheat_seeds":368,"minecraft:cobblestone":81,"minecraft:feather":6,"minecraft:golden_axe":1,"minecraft:iron_helmet":1,"minecraft:granite":25,"minecraft:copper_ingot":23,"minecraft:acacia_log":1,"cobblemon:oran_berry":3,"minecraft:stick":9,"cobblemon:medicinal_leek":5,"cobblemon:apricorn_log":5,"minecraft:diorite":5,"minecraft:light_blue_wool":1,"cobblemon:sharp_beak":1,"minecraft:iron_leggings":2,"minecraft:iron_axe":1,"minecraft:string":8,"minecraft:acacia_planks":67,"minecraft:soul_soil":60,"minecraft:raw_copper":8,"cobblemon:charti_berry":1,"minecraft:iron_boots":1,"cobblemon:quick_ball":8,"minecraft:flint_and_steel":2,"minecraft:shield":1,"minecraft:spruce_trapdoor":1,"minecraft:iron_chestplate":1,"minecraft:andesite":1,"minecraft:golden_leggings":1,"minecraft:oak_sapling":3,"minecraft:bow":1,"minecraft:stone_pickaxe":3,"minecraft:wooden_pickaxe":1},"minecraft:broken":{"minecraft:stone_pickaxe":12,"minecraft:stone_axe":2,"minecraft:shield":1},"minecraft:mined":{"minecraft:spruce_planks":1,"minecraft:white_bed":1,"minecraft:cobblestone_stairs":6,"cobblemon:apricorn_log":5,"minecraft:obsidian":40,"minecraft:spruce_trapdoor":1,"minecraft:granite":48,"minecraft:acacia_log":118,"minecraft:grass_block":47,"minecraft:soul_soil":158,"minecraft:magma_block":5,"minecraft:iron_ore":49,"minecraft:cobbled_deepslate":10,"minecraft:fire":12,"minecraft:deepslate_lapis_ore":6,"minecraft:fletching_table":1,"cobblemon:medicinal_leek":35,"minecraft:water_cauldron":1,"cobblemon:water_stone_ore":1,"minecraft:tripwire":1,"minecraft:orange_bed":4,"minecraft:kelp_plant":1,"minecraft:smoker":2,"minecraft:soul_fire":12,"minecraft:torch":3,"cobblemon:apricorn_leaves":4,"minecraft:melon":2,"minecraft:chest":2,"minecraft:nether_quartz_ore":8,"minecraft:cobblestone":58,"minecraft:sugar_cane":2,"minecraft:oak_planks":7,"minecraft:wall_torch":7,"minecraft:wheat":1,"minecraft:grass":156,"minecraft:oak_log":56,"minecraft:acacia_fence":1,"minecraft:sand":8,"minecraft:dirt":57,"minecraft:netherrack":992,"minecraft:oak_leaves":27,"minecraft:deepslate":276,"minecraft:nether_gold_ore":1,"minecraft:yellow_terracotta":1,"minecraft:tuff":33,"minecraft:deepslate_diamond_ore":49,"minecraft:ladder":5,"minecraft:nether_bricks":3,"minecraft:hay_block":26,"minecraft:furnace":8,"minecraft:andesite":16,"minecraft:nether_brick_fence":1,"minecraft:cobblestone_slab":5,"minecraft:deepslate_iron_ore":58,"minecraft:stripped_acacia_log":2,"minecraft:stone":1403,"minecraft:acacia_leaves":19,"minecraft:soul_sand":76,"minecraft:crafting_table":11,"minecraft:tall_grass":18,"minecraft:copper_ore":29,"minecraft:deepslate_gold_ore":8,"minecraft:diorite":43,"minecraft:coal_ore":74,"minecraft:gravel":14,"minecraft:acacia_door":1,"minecraft:acacia_planks":49,"minecraft:stone_bricks":4,"minecraft:acacia_wall_sign":1},"minecraft:killed_by":{"minecraft:wither_skeleton":3,"minecraft:creeper":1,"minecraft:magma_cube":1,"minecraft:blaze":2,"minecraft:zombie":3,"minecraft:warden":2,"minecraft:skeleton":1},"minecraft:used":{"minecraft:ladder":6,"minecraft:chest":14,"minecraft:shield":103,"minecraft:iron_sword":278,"minecraft:rotten_flesh":19,"minecraft:iron_chestplate":5,"minecraft:soul_sand":14,"minecraft:mutton":3,"minecraft:tuff":45,"minecraft:obsidian":30,"minecraft:iron_helmet":1,"minecraft:stone_bricks":4,"minecraft:bow":12,"minecraft:furnace":10,"minecraft:egg":2,"minecraft:diorite":38,"minecraft:oak_planks":1,"minecraft:stone_pickaxe":1874,"minecraft:wooden_pickaxe":20,"cobblemon:yellow_apricorn_seed":1,"minecraft:crossbow":4,"cobblemon:green_apricorn_seed":3,"minecraft:acacia_door":2,"minecraft:melon_slice":9,"minecraft:bread":109,"minecraft:gravel":5,"minecraft:diamond_sword":76,"cobblemon:red_apricorn_seed":2,"minecraft:andesite":23,"minecraft:experience_bottle":1,"minecraft:enchanting_table":1,"minecraft:stone_sword":219,"minecraft:acacia_log":7,"minecraft:flint_and_steel":13,"minecraft:spruce_planks":1,"minecraft:cooked_chicken":5,"minecraft:netherrack":160,"minecraft:orange_bed":4,"minecraft:torch":30,"minecraft:dirt":54,"minecraft:anvil":1,"minecraft:golden_chestplate":1,"minecraft:granite":23,"minecraft:wooden_axe":41,"minecraft:bookshelf":9,"minecraft:iron_boots":5,"cobblemon:pc":2,"minecraft:diamond_chestplate":1,"minecraft:soul_soil":43,"minecraft:cooked_beef":9,"minecraft:acacia_planks":240,"minecraft:cobbled_deepslate":89,"minecraft:iron_leggings":4,"minecraft:cooked_mutton":15,"minecraft:acacia_boat":4,"minecraft:water_bucket":16,"minecraft:cobblestone_stairs":110,"minecraft:fletching_table":1,"minecraft:cobblestone_slab":109,"minecraft:crafting_table":16,"minecraft:red_bed":1,"minecraft:white_bed":4,"minecraft:smoker":2,"minecraft:oak_log":11,"minecraft:diamond_pickaxe":1245,"minecraft:acacia_sign":6,"minecraft:chicken":2,"minecraft:iron_pickaxe":306,"minecraft:stone_axe":421,"minecraft:cobblestone":1344,"minecraft:cooked_porkchop":2,"minecraft:bucket":17,"minecraft:diamond_leggings":1,"cobblemon:blue_apricorn_seed":1},"minecraft:crafted":{"minecraft:oak_planks":36,"minecraft:smooth_stone":4,"minecraft:cobblestone_slab":126,"minecraft:cooked_chicken":7,"minecraft:stone":4,"minecraft:cobblestone_stairs":104,"minecraft:bookshelf":9,"minecraft:cooked_mutton":13,"minecraft:glass":2,"minecraft:diamond_helmet":1,"minecraft:diamond_leggings":1,"minecraft:iron_boots":1,"minecraft:chest":14,"minecraft:emerald":5,"minecraft:cooked_porkchop":2,"minecraft:crafting_table":7,"minecraft:wooden_pickaxe":1,"cobblemon:verdant_ball":72,"minecraft:copper_ingot":10,"cobblemon:quick_ball":28,"minecraft:book":2,"minecraft:iron_chestplate":1,"minecraft:paper":6,"minecraft:diamond_pickaxe":2,"minecraft:shield":2,"minecraft:stick":244,"minecraft:iron_pickaxe":2,"minecraft:iron_ingot":78,"minecraft:iron_block":3,"minecraft:stone_sword":2,"minecraft:acacia_door":3,"cobblemon:sport_ball":12,"minecraft:furnace":3,"minecraft:flint_and_steel":2,"minecraft:ladder":6,"minecraft:stone_pickaxe":17,"minecraft:diamond_boots":1,"minecraft:wheat":225,"minecraft:cooked_beef":10,"minecraft:diamond_sword":1,"minecraft:enchanting_table":1,"minecraft:iron_sword":1,"cobblemon:pc":2,"minecraft:bucket":2,"minecraft:stone_axe":5,"minecraft:acacia_boat":1,"minecraft:bread":75,"cobblemon:luxury_ball":4,"minecraft:acacia_sign":6,"minecraft:wooden_axe":1,"minecraft:iron_leggings":2,"minecraft:anvil":1,"minecraft:white_bed":3,"minecraft:acacia_planks":424,"minecraft:torch":24,"cobblemon:ultra_ball":4,"cobblemon:great_ball":4,"minecraft:diamond_chestplate":1}},"DataVersion":3465}