{"stats":{"minecraft:picked_up":{"minecraft:iron_chestplate":4,"cobblemon:red_apricorn":14,"cobblemon:sport_ball":1,"cobblemon:charti_berry":1,"cobblemon:sharp_beak":1,"minecraft:string":20,"minecraft:soul_soil":41,"minecraft:raw_copper":72,"minecraft:iron_leggings":3,"minecraft:cobbled_deepslate":299,"cobblemon:white_apricorn_seed":3,"minecraft:spruce_planks":1,"cobblemon:oran_berry":65,"minecraft:iron_pickaxe":3,"cobblemon:quick_ball":11,"minecraft:melon_slice":12,"minecraft:iron_boots":5,"minecraft:furnace":8,"minecraft:stick":17,"cobblemon:apricorn_log":5,"minecraft:acacia_fence":1,"minecraft:torch":14,"minecraft:acacia_log":120,"minecraft:porkchop":2,"minecraft:diorite":15,"minecraft:golden_chestplate":1,"minecraft:cauldron":1,"minecraft:orange_bed":4,"minecraft:stone_sword":5,"minecraft:rotten_flesh":40,"minecraft:light_blue_wool":1,"minecraft:blaze_powder":1,"minecraft:obsidian":6,"cobblemon:verdant_ball":124,"minecraft:cobblestone":973,"cobblemon:great_ball":1,"cobblemon:ultra_ball":6,"minecraft:feather":7,"minecraft:cooked_beef":2,"minecraft:water_bucket":2,"minecraft:andesite":10,"minecraft:smoker":1,"minecraft:flint":1,"minecraft:tuff":124,"minecraft:acacia_boat":4,"minecraft:dirt":75,"minecraft:bone":4,"minecraft:acacia_planks":185,"minecraft:bow":7,"cobblemon:black_apricorn":5,"minecraft:wheat_seeds":374,"minecraft:raw_gold":4,"minecraft:fletching_table":1,"minecraft:oak_planks":15,"minecraft:sand":5,"cobblemon:persim_berry":25,"minecraft:grass_block":1,"cobblemon:shuca_berry":8,"minecraft:stripped_acacia_log":2,"minecraft:diamond":6,"minecraft:crossbow":1,"minecraft:granite":41,"cobblemon:rindo_berry":2,"minecraft:oak_sapling":4,"minecraft:bread":72,"minecraft:emerald":4,"cobblemon:medicinal_leek":81,"cobblemon:chesto_berry":1,"minecraft:netherrack":30,"minecraft:crafting_table":12,"minecraft:chicken":9,"minecraft:ladder":5,"cobblemon:yellow_apricorn":20,"minecraft:wooden_pickaxe":2,"minecraft:shield":4,"minecraft:acacia_door":3,"cobblemon:mystic_water":1,"minecraft:iron_axe":1,"minecraft:flint_and_steel":1,"cobblemon:white_apricorn":12,"minecraft:iron_shovel":2,"cobblemon:link_cable":1,"cobblemon:green_apricorn":89,"minecraft:beef":10,"cobblemon:relic_coin":42,"minecraft:sugar_cane":12,"minecraft:chest":2,"cobblemon:green_apricorn_seed":10,"minecraft:spruce_trapdoor":1,"minecraft:egg":3,"minecraft:raw_iron":102,"minecraft:copper_ingot":45,"cobblemon:rawst_berry":73,"minecraft:arrow":20,"minecraft:hay_block":25,"minecraft:yellow_terracotta":1,"minecraft:gold_ingot":14,"minecraft:mutton":20,"cobblemon:blue_apricorn":28,"minecraft:white_wool":13,"minecraft:air":0,"minecraft:leather":5,"minecraft:oak_log":21,"minecraft:golden_boots":1,"minecraft:gunpowder":3,"minecraft:cobblestone_stairs":6,"minecraft:cooked_mutton":3,"minecraft:stone_bricks":4,"minecraft:iron_ingot":7,"minecraft:stone_pickaxe":6,"minecraft:cooked_chicken":2,"minecraft:acacia_sapling":8,"cobblemon:wacan_berry":1,"minecraft:iron_sword":1,"minecraft:soul_sand":9,"cobblemon:chilan_berry":3,"cobblemon:red_apricorn_seed":2,"cobblemon:payapa_berry":13,"cobblemon:blue_apricorn_seed":2,"minecraft:gravel":1,"cobblemon:cheri_berry":11,"cobblemon:yellow_apricorn_seed":1,"cobblemon:pink_apricorn":2,"minecraft:white_bed":1,"minecraft:spider_eye":1,"minecraft:stone_axe":3,"minecraft:iron_helmet":1,"cobblemon:water_stone":1,"minecraft:coal":211,"minecraft:ender_pearl":1},"minecraft:killed":{"minecraft:spider":10,"minecraft:dolphin":1,"minecraft:skeleton":16,"minecraft:piglin":1,"minecraft:pig":2,"minecraft:creeper":4,"minecraft:sheep":10,"minecraft:pillager":5,"minecraft:zombie":54,"minecraft:cow":2,"cobblemon:pokemon":14,"minecraft:enderman":1},"minecraft:custom":{"minecraft:interact_with_crafting_table":107,"minecraft:leave_game":2,"minecraft:time_since_death":254631,"minecraft:sprint_one_cm":1347704,"minecraft:damage_blocked_by_shield":2920,"minecraft:drop":152,"minecraft:talked_to_villager":8,"minecraft:play_time":624859,"minecraft:deaths":9,"minecraft:jump":13090,"minecraft:walk_on_water_one_cm":94115,"minecraft:interact_with_furnace":99,"minecraft:traded_with_villager":5,"minecraft:sleep_in_bed":8,"minecraft:damage_dealt":23155,"minecraft:player_kills":3,"minecraft:crouch_one_cm":94941,"minecraft:interact_with_smoker":1,"minecraft:mob_kills":121,"minecraft:climb_one_cm":48774,"minecraft:walk_one_cm":1146023,"minecraft:sneak_time":38797,"minecraft:walk_under_water_one_cm":79142,"minecraft:boat_one_cm":319649,"minecraft:total_world_time":624859,"minecraft:time_since_rest":22298,"minecraft:damage_taken":5966,"minecraft:swim_one_cm":215440,"minecraft:fly_one_cm":3026473,"minecraft:open_chest":153,"minecraft:fall_one_cm":396212},"minecraft:dropped":{"minecraft:iron_sword":1,"minecraft:soul_sand":9,"minecraft:crossbow":1,"cobblemon:persim_berry":1,"minecraft:leather":5,"cobblemon:verdant_ball":46,"minecraft:dirt":13,"cobblemon:green_apricorn":3,"minecraft:iron_pickaxe":2,"minecraft:white_wool":1,"cobblemon:red_apricorn":1,"minecraft:bone":3,"minecraft:stone_axe":2,"minecraft:cooked_chicken":2,"minecraft:cobbled_deepslate":6,"minecraft:obsidian":2,"minecraft:rotten_flesh":11,"minecraft:oak_planks":15,"minecraft:cooked_mutton":1,"minecraft:gunpowder":3,"minecraft:ladder":1,"minecraft:acacia_sapling":1,"minecraft:chest":2,"minecraft:arrow":5,"minecraft:netherrack":30,"minecraft:egg":1,"minecraft:water_bucket":1,"minecraft:golden_boots":1,"minecraft:iron_ingot":1,"minecraft:bread":19,"cobblemon:wacan_berry":1,"minecraft:wheat_seeds":368,"minecraft:golden_axe":1,"minecraft:iron_helmet":1,"minecraft:feather":2,"minecraft:cobblestone":64,"minecraft:copper_ingot":23,"minecraft:acacia_log":1,"cobblemon:oran_berry":3,"minecraft:stick":8,"cobblemon:medicinal_leek":5,"cobblemon:apricorn_log":5,"minecraft:light_blue_wool":1,"cobblemon:sharp_beak":1,"minecraft:iron_leggings":2,"minecraft:iron_axe":1,"minecraft:string":5,"minecraft:acacia_planks":3,"minecraft:soul_soil":34,"cobblemon:charti_berry":1,"minecraft:iron_boots":1,"cobblemon:quick_ball":8,"minecraft:flint_and_steel":2,"minecraft:shield":1,"minecraft:spruce_trapdoor":1,"minecraft:iron_chestplate":1,"minecraft:andesite":1,"minecraft:golden_leggings":1,"minecraft:oak_sapling":3,"minecraft:bow":1,"minecraft:stone_pickaxe":2},"minecraft:broken":{"minecraft:stone_pickaxe":5,"minecraft:stone_axe":2,"minecraft:shield":1},"minecraft:mined":{"minecraft:spruce_planks":1,"minecraft:white_bed":1,"minecraft:cobblestone_stairs":6,"cobblemon:apricorn_log":5,"minecraft:obsidian":6,"minecraft:spruce_trapdoor":1,"minecraft:granite":23,"minecraft:acacia_log":116,"minecraft:grass_block":42,"minecraft:soul_soil":23,"minecraft:magma_block":3,"minecraft:iron_ore":15,"minecraft:cobbled_deepslate":7,"minecraft:fire":4,"minecraft:fletching_table":1,"cobblemon:medicinal_leek":35,"minecraft:water_cauldron":1,"cobblemon:water_stone_ore":1,"minecraft:tripwire":1,"minecraft:orange_bed":4,"minecraft:smoker":1,"minecraft:soul_fire":2,"minecraft:torch":3,"cobblemon:apricorn_leaves":4,"minecraft:melon":2,"minecraft:cobblestone":30,"minecraft:sugar_cane":2,"minecraft:wall_torch":7,"minecraft:wheat":1,"minecraft:grass":152,"minecraft:oak_log":21,"minecraft:acacia_fence":1,"minecraft:sand":7,"minecraft:dirt":20,"minecraft:netherrack":31,"minecraft:oak_leaves":22,"minecraft:deepslate":185,"minecraft:yellow_terracotta":1,"minecraft:tuff":30,"minecraft:deepslate_diamond_ore":3,"minecraft:ladder":5,"minecraft:hay_block":26,"minecraft:furnace":8,"minecraft:andesite":9,"minecraft:deepslate_iron_ore":47,"minecraft:stripped_acacia_log":2,"minecraft:stone":510,"minecraft:acacia_leaves":19,"minecraft:soul_sand":10,"minecraft:crafting_table":11,"minecraft:tall_grass":18,"minecraft:copper_ore":18,"minecraft:deepslate_gold_ore":2,"minecraft:diorite":18,"minecraft:coal_ore":57,"minecraft:gravel":4,"minecraft:acacia_door":1,"minecraft:acacia_planks":40,"minecraft:stone_bricks":4},"minecraft:killed_by":{"minecraft:creeper":1,"minecraft:zombie":2,"minecraft:warden":2,"minecraft:skeleton":1},"minecraft:used":{"minecraft:ladder":6,"minecraft:chest":5,"minecraft:shield":99,"minecraft:iron_sword":239,"minecraft:rotten_flesh":7,"minecraft:iron_chestplate":4,"minecraft:mutton":3,"minecraft:tuff":42,"minecraft:stone_bricks":2,"minecraft:bow":6,"minecraft:furnace":8,"minecraft:egg":2,"minecraft:stone_pickaxe":877,"minecraft:wooden_pickaxe":20,"cobblemon:yellow_apricorn_seed":1,"cobblemon:green_apricorn_seed":3,"minecraft:acacia_door":2,"minecraft:bread":77,"minecraft:melon_slice":6,"minecraft:gravel":1,"cobblemon:red_apricorn_seed":2,"minecraft:andesite":8,"minecraft:stone_sword":216,"minecraft:acacia_log":7,"minecraft:flint_and_steel":7,"minecraft:spruce_planks":1,"minecraft:cooked_chicken":4,"minecraft:orange_bed":4,"minecraft:torch":15,"minecraft:dirt":24,"minecraft:golden_chestplate":1,"minecraft:granite":3,"minecraft:wooden_axe":41,"minecraft:iron_boots":3,"cobblemon:pc":1,"minecraft:soul_soil":7,"minecraft:cooked_beef":9,"minecraft:acacia_planks":225,"minecraft:cobbled_deepslate":50,"minecraft:iron_leggings":3,"minecraft:cooked_mutton":15,"minecraft:acacia_boat":4,"minecraft:water_bucket":8,"minecraft:cobblestone_stairs":110,"minecraft:fletching_table":1,"minecraft:crafting_table":15,"minecraft:white_bed":4,"minecraft:oak_log":11,"minecraft:diamond_pickaxe":29,"minecraft:acacia_sign":2,"minecraft:chicken":2,"minecraft:iron_pickaxe":154,"minecraft:stone_axe":356,"minecraft:cobblestone":537,"minecraft:cooked_porkchop":2,"minecraft:bucket":9,"cobblemon:blue_apricorn_seed":1},"minecraft:crafted":{"minecraft:oak_planks":4,"minecraft:smooth_stone":2,"minecraft:cooked_chicken":6,"minecraft:stone":2,"minecraft:cobblestone_stairs":104,"minecraft:cooked_mutton":13,"minecraft:glass":1,"minecraft:iron_boots":1,"minecraft:chest":7,"minecraft:emerald":5,"minecraft:cooked_porkchop":2,"minecraft:crafting_table":6,"minecraft:wooden_pickaxe":1,"cobblemon:verdant_ball":64,"minecraft:copper_ingot":4,"cobblemon:quick_ball":24,"minecraft:iron_chestplate":1,"minecraft:diamond_pickaxe":1,"minecraft:shield":2,"minecraft:stick":212,"minecraft:iron_pickaxe":1,"minecraft:iron_ingot":47,"minecraft:stone_sword":2,"minecraft:acacia_door":3,"cobblemon:sport_ball":12,"minecraft:furnace":3,"minecraft:flint_and_steel":1,"minecraft:ladder":6,"minecraft:stone_pickaxe":10,"minecraft:wheat":225,"minecraft:cooked_beef":10,"minecraft:iron_sword":1,"cobblemon:pc":1,"minecraft:bucket":1,"minecraft:stone_axe":4,"minecraft:bread":75,"cobblemon:luxury_ball":4,"minecraft:acacia_boat":1,"minecraft:acacia_sign":3,"minecraft:wooden_axe":1,"minecraft:iron_leggings":2,"minecraft:white_bed":3,"minecraft:acacia_planks":416,"minecraft:torch":8,"cobblemon:ultra_ball":4,"cobblemon:great_ball":4}},"DataVersion":3465}