{"stats":{"minecraft:picked_up":{"minecraft:iron_chestplate":4,"minecraft:crafting_table":12,"minecraft:chicken":9,"minecraft:ladder":5,"cobblemon:yellow_apricorn":20,"cobblemon:red_apricorn":12,"minecraft:wooden_pickaxe":2,"cobblemon:charti_berry":1,"cobblemon:sharp_beak":1,"minecraft:shield":3,"minecraft:string":19,"minecraft:raw_copper":72,"minecraft:soul_soil":41,"cobblemon:mystic_water":1,"minecraft:acacia_door":3,"minecraft:flint_and_steel":1,"minecraft:iron_leggings":2,"cobblemon:white_apricorn":12,"minecraft:iron_shovel":2,"minecraft:cobbled_deepslate":299,"cobblemon:green_apricorn":86,"cobblemon:white_apricorn_seed":3,"minecraft:spruce_planks":1,"minecraft:beef":10,"cobblemon:oran_berry":65,"cobblemon:relic_coin":42,"minecraft:iron_pickaxe":1,"cobblemon:quick_ball":8,"minecraft:melon_slice":12,"minecraft:sugar_cane":12,"minecraft:chest":2,"cobblemon:green_apricorn_seed":10,"minecraft:spruce_trapdoor":1,"minecraft:furnace":8,"minecraft:iron_boots":4,"minecraft:egg":3,"minecraft:raw_iron":102,"minecraft:stick":9,"cobblemon:apricorn_log":5,"minecraft:acacia_fence":1,"minecraft:copper_ingot":41,"minecraft:torch":14,"minecraft:acacia_log":116,"minecraft:porkchop":2,"cobblemon:rawst_berry":73,"minecraft:diorite":15,"minecraft:golden_chestplate":1,"minecraft:cauldron":1,"minecraft:orange_bed":4,"minecraft:stone_sword":5,"minecraft:arrow":20,"minecraft:rotten_flesh":38,"minecraft:light_blue_wool":1,"minecraft:hay_block":25,"minecraft:yellow_terracotta":1,"minecraft:gold_ingot":14,"minecraft:mutton":20,"minecraft:obsidian":6,"cobblemon:verdant_ball":44,"cobblemon:blue_apricorn":28,"minecraft:white_wool":13,"minecraft:blaze_powder":1,"minecraft:cobblestone":973,"minecraft:air":0,"minecraft:feather":7,"cobblemon:ultra_ball":6,"minecraft:water_bucket":1,"minecraft:andesite":9,"minecraft:leather":5,"minecraft:smoker":1,"minecraft:flint":1,"minecraft:tuff":124,"minecraft:oak_log":21,"minecraft:gunpowder":2,"minecraft:cobblestone_stairs":6,"minecraft:dirt":75,"minecraft:cooked_mutton":3,"minecraft:bone":4,"minecraft:acacia_planks":135,"minecraft:stone_bricks":4,"minecraft:bow":7,"minecraft:wheat_seeds":363,"cobblemon:black_apricorn":5,"minecraft:raw_gold":4,"minecraft:iron_ingot":6,"minecraft:stone_pickaxe":5,"minecraft:fletching_table":1,"cobblemon:wacan_berry":1,"minecraft:acacia_sapling":8,"minecraft:soul_sand":9,"cobblemon:chilan_berry":3,"cobblemon:red_apricorn_seed":2,"cobblemon:payapa_berry":13,"cobblemon:blue_apricorn_seed":2,"minecraft:gravel":1,"cobblemon:cheri_berry":11,"minecraft:sand":5,"cobblemon:yellow_apricorn_seed":1,"cobblemon:persim_berry":25,"cobblemon:pink_apricorn":2,"minecraft:grass_block":1,"cobblemon:shuca_berry":8,"minecraft:stripped_acacia_log":2,"minecraft:stone_axe":1,"minecraft:diamond":6,"minecraft:crossbow":1,"minecraft:granite":41,"cobblemon:rindo_berry":2,"minecraft:emerald":4,"minecraft:bread":38,"cobblemon:water_stone":1,"cobblemon:chesto_berry":1,"cobblemon:medicinal_leek":76,"minecraft:oak_sapling":4,"minecraft:netherrack":30,"minecraft:coal":211,"minecraft:ender_pearl":1},"minecraft:killed":{"minecraft:spider":6,"minecraft:skeleton":16,"minecraft:piglin":1,"minecraft:pig":2,"cobblemon:pokemon":14,"minecraft:creeper":3,"minecraft:sheep":10,"minecraft:pillager":5,"minecraft:zombie":48,"minecraft:enderman":1,"minecraft:cow":2},"minecraft:custom":{"minecraft:mob_kills":108,"minecraft:interact_with_crafting_table":93,"minecraft:leave_game":2,"minecraft:time_since_death":146631,"minecraft:climb_one_cm":41870,"minecraft:sprint_one_cm":1094653,"minecraft:damage_blocked_by_shield":2820,"minecraft:walk_one_cm":983448,"minecraft:drop":115,"minecraft:talked_to_villager":8,"minecraft:play_time":516859,"minecraft:sneak_time":37441,"minecraft:deaths":9,"minecraft:walk_under_water_one_cm":55305,"minecraft:jump":10956,"minecraft:walk_on_water_one_cm":68596,"minecraft:total_world_time":516859,"minecraft:interact_with_furnace":96,"minecraft:traded_with_villager":5,"minecraft:sleep_in_bed":5,"minecraft:time_since_rest":25613,"minecraft:damage_taken":5377,"minecraft:damage_dealt":20849,"minecraft:player_kills":2,"minecraft:swim_one_cm":188438,"minecraft:fly_one_cm":2463269,"minecraft:open_chest":133,"minecraft:crouch_one_cm":90721,"minecraft:interact_with_smoker":1,"minecraft:fall_one_cm":332339},"minecraft:dropped":{"minecraft:iron_ingot":1,"cobblemon:wacan_berry":1,"minecraft:soul_sand":9,"minecraft:wheat_seeds":357,"minecraft:crossbow":1,"minecraft:cobblestone":64,"minecraft:feather":2,"cobblemon:persim_berry":1,"minecraft:leather":5,"cobblemon:verdant_ball":10,"minecraft:copper_ingot":23,"minecraft:acacia_log":1,"cobblemon:oran_berry":3,"minecraft:dirt":13,"cobblemon:apricorn_log":5,"minecraft:light_blue_wool":1,"cobblemon:sharp_beak":1,"minecraft:iron_leggings":1,"minecraft:string":5,"minecraft:white_wool":1,"minecraft:acacia_planks":2,"minecraft:bone":3,"minecraft:soul_soil":34,"minecraft:cobbled_deepslate":6,"cobblemon:charti_berry":1,"minecraft:rotten_flesh":11,"cobblemon:quick_ball":8,"minecraft:cooked_mutton":1,"minecraft:gunpowder":2,"minecraft:spruce_trapdoor":1,"minecraft:iron_chestplate":1,"minecraft:oak_sapling":3,"minecraft:acacia_sapling":1,"minecraft:chest":2,"minecraft:ladder":1,"minecraft:arrow":5,"minecraft:bow":1,"minecraft:stone_pickaxe":1,"minecraft:netherrack":30,"minecraft:egg":1},"minecraft:broken":{"minecraft:stone_pickaxe":5,"minecraft:shield":1,"minecraft:stone_axe":2},"minecraft:mined":{"minecraft:yellow_terracotta":1,"minecraft:spruce_planks":1,"minecraft:tuff":30,"minecraft:deepslate_diamond_ore":3,"minecraft:cobblestone_stairs":6,"cobblemon:apricorn_log":5,"minecraft:spruce_trapdoor":1,"minecraft:obsidian":6,"minecraft:ladder":5,"minecraft:granite":23,"minecraft:acacia_log":112,"minecraft:grass_block":41,"minecraft:soul_soil":23,"minecraft:hay_block":26,"minecraft:magma_block":3,"minecraft:furnace":8,"minecraft:iron_ore":15,"minecraft:fire":1,"minecraft:cobbled_deepslate":7,"minecraft:andesite":9,"minecraft:fletching_table":1,"cobblemon:medicinal_leek":33,"minecraft:deepslate_iron_ore":47,"minecraft:water_cauldron":1,"minecraft:stripped_acacia_log":2,"minecraft:stone":510,"minecraft:orange_bed":4,"cobblemon:water_stone_ore":1,"minecraft:tripwire":1,"minecraft:acacia_leaves":18,"minecraft:soul_sand":10,"minecraft:smoker":1,"minecraft:soul_fire":2,"minecraft:crafting_table":11,"cobblemon:apricorn_leaves":4,"minecraft:torch":3,"minecraft:melon":2,"minecraft:copper_ore":18,"minecraft:tall_grass":8,"minecraft:cobblestone":30,"minecraft:deepslate_gold_ore":2,"minecraft:sugar_cane":2,"minecraft:diorite":18,"minecraft:wall_torch":7,"minecraft:wheat":1,"minecraft:grass":97,"minecraft:coal_ore":57,"minecraft:oak_log":21,"minecraft:acacia_fence":1,"minecraft:gravel":4,"minecraft:sand":7,"minecraft:acacia_door":1,"minecraft:dirt":16,"minecraft:acacia_planks":40,"minecraft:stone_bricks":4,"minecraft:netherrack":31,"minecraft:oak_leaves":22,"minecraft:deepslate":185},"minecraft:killed_by":{"minecraft:creeper":1,"minecraft:warden":2,"minecraft:skeleton":1,"minecraft:zombie":2},"minecraft:crafted":{"minecraft:smooth_stone":2,"minecraft:oak_planks":4,"minecraft:cooked_chicken":6,"minecraft:furnace":3,"minecraft:cobblestone_stairs":104,"minecraft:stone":2,"minecraft:cooked_mutton":13,"minecraft:flint_and_steel":1,"minecraft:glass":1,"minecraft:iron_boots":1,"minecraft:ladder":6,"minecraft:stone_pickaxe":10,"minecraft:chest":6,"minecraft:wheat":225,"minecraft:cooked_beef":5,"minecraft:emerald":5,"minecraft:cooked_porkchop":2,"minecraft:crafting_table":6,"minecraft:wooden_pickaxe":1,"cobblemon:verdant_ball":52,"minecraft:iron_sword":1,"cobblemon:pc":1,"minecraft:copper_ingot":4,"minecraft:bucket":1,"minecraft:stone_axe":4,"cobblemon:luxury_ball":4,"minecraft:bread":75,"cobblemon:quick_ball":12,"minecraft:iron_chestplate":1,"minecraft:acacia_sign":3,"minecraft:diamond_pickaxe":1,"minecraft:shield":2,"minecraft:stick":212,"minecraft:iron_ingot":47,"minecraft:iron_pickaxe":1,"minecraft:wooden_axe":1,"minecraft:stone_sword":2,"minecraft:acacia_door":3,"minecraft:iron_leggings":2,"minecraft:white_bed":3,"minecraft:acacia_planks":400,"minecraft:torch":8,"cobblemon:ultra_ball":4},"minecraft:used":{"minecraft:stone_sword":216,"minecraft:acacia_log":7,"minecraft:flint_and_steel":2,"minecraft:ladder":6,"minecraft:chest":4,"minecraft:spruce_planks":1,"minecraft:shield":97,"minecraft:orange_bed":4,"minecraft:iron_sword":170,"minecraft:cooked_chicken":4,"minecraft:rotten_flesh":7,"minecraft:iron_chestplate":4,"minecraft:torch":15,"minecraft:dirt":22,"minecraft:mutton":3,"minecraft:golden_chestplate":1,"minecraft:tuff":42,"minecraft:granite":3,"minecraft:wooden_axe":41,"minecraft:iron_boots":3,"minecraft:stone_bricks":2,"cobblemon:pc":1,"minecraft:bow":6,"minecraft:soul_soil":7,"minecraft:furnace":8,"minecraft:egg":2,"minecraft:cooked_beef":2,"minecraft:cobbled_deepslate":50,"minecraft:iron_leggings":3,"minecraft:acacia_planks":217,"minecraft:cooked_mutton":15,"minecraft:water_bucket":8,"minecraft:cobblestone_stairs":110,"minecraft:stone_pickaxe":877,"minecraft:wooden_pickaxe":20,"minecraft:fletching_table":1,"minecraft:crafting_table":15,"cobblemon:yellow_apricorn_seed":1,"minecraft:white_bed":3,"minecraft:oak_log":11,"cobblemon:green_apricorn_seed":3,"minecraft:diamond_pickaxe":29,"minecraft:chicken":2,"minecraft:acacia_sign":2,"minecraft:acacia_door":2,"minecraft:iron_pickaxe":154,"minecraft:melon_slice":6,"minecraft:bread":63,"minecraft:gravel":1,"minecraft:stone_axe":348,"minecraft:cobblestone":537,"minecraft:cooked_porkchop":2,"minecraft:andesite":8,"minecraft:bucket":9,"cobblemon:blue_apricorn_seed":1}},"DataVersion":3465}