{"stats":{"minecraft:picked_up":{"minecraft:iron_chestplate":5,"minecraft:nether_brick_fence":2,"minecraft:anvil":1,"minecraft:sentry_armor_trim_smithing_template":2,"minecraft:lead":2,"cobblemon:red_apricorn":18,"minecraft:diamond_sword":1,"cobblemon:sport_ball":7,"cobblemon:charti_berry":1,"minecraft:enchanted_book":1,"minecraft:stone_brick_stairs":2,"minecraft:brewing_stand":1,"cobblemon:sharp_beak":1,"cobblemon:wepear_berry":1,"minecraft:string":23,"minecraft:soul_soil":346,"minecraft:raw_copper":126,"minecraft:iron_leggings":5,"minecraft:experience_bottle":1,"minecraft:gold_nugget":4,"minecraft:cobbled_deepslate":930,"cobblemon:white_apricorn_seed":6,"minecraft:spruce_planks":1,"minecraft:acacia_sign":1,"cobblemon:oran_berry":65,"minecraft:cobblestone_slab":39,"minecraft:iron_pickaxe":3,"cobblemon:quick_ball":17,"minecraft:melon_slice":12,"minecraft:iron_boots":7,"minecraft:furnace":11,"minecraft:stick":50,"cobblemon:apricorn_log":5,"minecraft:acacia_fence":2,"minecraft:torch":25,"minecraft:acacia_log":122,"minecraft:porkchop":4,"minecraft:diorite":38,"minecraft:golden_chestplate":1,"minecraft:cauldron":2,"minecraft:orange_bed":5,"minecraft:stone_sword":5,"minecraft:rotten_flesh":290,"minecraft:light_blue_wool":1,"minecraft:blaze_rod":2,"minecraft:obsidian":40,"cobblemon:verdant_ball":179,"minecraft:blaze_powder":3,"minecraft:cobblestone":2964,"minecraft:cooked_beef":2,"minecraft:feather":11,"cobblemon:great_ball":1,"cobblemon:ultra_ball":6,"minecraft:water_bucket":2,"minecraft:andesite":10,"minecraft:brown_wool":2,"minecraft:smoker":4,"minecraft:potato":1,"minecraft:flint":5,"minecraft:tuff":189,"minecraft:acacia_boat":4,"minecraft:lapis_lazuli":47,"minecraft:dirt":272,"minecraft:name_tag":1,"cobblemon:luxury_ball":2,"minecraft:bone":38,"minecraft:acacia_planks":361,"minecraft:wheat_seeds":377,"minecraft:bow":12,"minecraft:cobbled_deepslate_wall":3,"cobblemon:black_apricorn":8,"minecraft:raw_gold":10,"cobblemon:quick_powder":1,"minecraft:fletching_table":1,"minecraft:oak_planks":98,"minecraft:ghast_tear":6,"minecraft:sand":15,"cobblemon:persim_berry":25,"minecraft:grass_block":1,"minecraft:mossy_cobblestone":62,"cobblemon:shuca_berry":8,"minecraft:stripped_acacia_log":2,"minecraft:diamond":61,"minecraft:crossbow":4,"minecraft:granite":161,"cobblemon:rindo_berry":4,"minecraft:emerald":12,"minecraft:bread":77,"cobblemon:chesto_berry":2,"cobblemon:medicinal_leek":145,"minecraft:oak_sapling":6,"minecraft:netherrack":1174,"minecraft:diamond_pickaxe":1,"minecraft:crafting_table":15,"minecraft:chicken":11,"minecraft:ladder":5,"cobblemon:yellow_apricorn":37,"minecraft:wooden_pickaxe":4,"minecraft:shield":8,"minecraft:oak_trapdoor":2,"minecraft:red_bed":1,"cobblemon:mystic_water":1,"minecraft:iron_axe":2,"minecraft:acacia_door":3,"minecraft:flint_and_steel":3,"cobblemon:white_apricorn":25,"minecraft:iron_shovel":2,"cobblemon:link_cable":1,"minecraft:cartography_table":1,"cobblemon:green_apricorn":92,"minecraft:beef":34,"cobblemon:relic_coin":154,"minecraft:poppy":1,"minecraft:lectern":1,"minecraft:sugar_cane":77,"minecraft:chest":6,"cobblemon:green_apricorn_seed":10,"minecraft:spruce_trapdoor":1,"minecraft:phantom_membrane":12,"minecraft:egg":6,"minecraft:raw_iron":157,"minecraft:copper_ingot":45,"cobblemon:rawst_berry":122,"minecraft:carrot":16,"minecraft:tnt":5,"cobblemon:dawn_stone":1,"minecraft:arrow":77,"minecraft:nether_bricks":6,"minecraft:hay_block":40,"minecraft:yellow_terracotta":2,"minecraft:saddle":1,"minecraft:gold_ingot":16,"minecraft:mutton":20,"cobblemon:blue_apricorn":32,"minecraft:bone_block":1,"minecraft:white_wool":13,"minecraft:air":0,"minecraft:leather":32,"minecraft:oak_log":108,"minecraft:golden_boots":1,"minecraft:gunpowder":4,"minecraft:cobblestone_stairs":8,"cobblemon:pink_apricorn_seed":1,"minecraft:cooked_mutton":3,"minecraft:apple":1,"minecraft:stone_bricks":7,"minecraft:kelp":56,"minecraft:iron_ingot":22,"minecraft:stone_pickaxe":12,"minecraft:cooked_chicken":2,"cobblemon:wacan_berry":1,"minecraft:iron_sword":5,"minecraft:acacia_sapling":8,"minecraft:soul_sand":76,"cobblemon:chilan_berry":6,"minecraft:book":33,"cobblemon:red_apricorn_seed":3,"cobblemon:payapa_berry":14,"minecraft:quartz":12,"cobblemon:blue_apricorn_seed":2,"minecraft:gravel":25,"cobblemon:cheri_berry":11,"cobblemon:yellow_apricorn_seed":1,"minecraft:blast_furnace":1,"cobblemon:pink_apricorn":14,"minecraft:white_bed":1,"minecraft:spider_eye":2,"minecraft:stone_axe":5,"minecraft:iron_helmet":1,"minecraft:terracotta":7,"cobblemon:water_stone":2,"minecraft:coal":282,"minecraft:ender_pearl":5},"minecraft:killed":{"minecraft:zombified_piglin":1,"minecraft:spider":13,"minecraft:dolphin":1,"minecraft:skeleton":44,"minecraft:piglin":1,"minecraft:pig":2,"minecraft:creeper":7,"minecraft:sheep":10,"minecraft:trader_llama":2,"minecraft:pillager":5,"minecraft:zombie":135,"minecraft:ghast":3,"minecraft:blaze":1,"minecraft:cow":9,"minecraft:phantom":17,"minecraft:horse":2,"minecraft:drowned":1,"cobblemon:pokemon":27,"minecraft:enderman":2},"minecraft:custom":{"minecraft:interact_with_crafting_table":181,"minecraft:open_barrel":2,"minecraft:leave_game":14,"minecraft:time_since_death":478687,"minecraft:sprint_one_cm":2419820,"minecraft:damage_blocked_by_shield":4730,"minecraft:drop":311,"minecraft:talked_to_villager":18,"minecraft:play_time":1224970,"minecraft:deaths":16,"minecraft:jump":23473,"minecraft:walk_on_water_one_cm":239343,"minecraft:enchant_item":7,"minecraft:interact_with_furnace":150,"minecraft:traded_with_villager":20,"minecraft:sleep_in_bed":12,"minecraft:damage_dealt":47149,"minecraft:player_kills":3,"minecraft:crouch_one_cm":305963,"minecraft:interact_with_smoker":15,"minecraft:interact_with_anvil":6,"minecraft:mob_kills":286,"minecraft:climb_one_cm":104580,"minecraft:walk_one_cm":2137419,"minecraft:sneak_time":99921,"minecraft:walk_under_water_one_cm":309386,"minecraft:boat_one_cm":319649,"minecraft:interact_with_blast_furnace":2,"minecraft:total_world_time":1224970,"minecraft:time_since_rest":205098,"minecraft:damage_taken":10785,"minecraft:swim_one_cm":486386,"minecraft:fly_one_cm":5093264,"minecraft:open_chest":402,"minecraft:fall_one_cm":662038},"minecraft:dropped":{"minecraft:iron_sword":1,"minecraft:soul_sand":20,"minecraft:lapis_lazuli":19,"minecraft:crossbow":1,"cobblemon:persim_berry":1,"minecraft:leather":7,"cobblemon:verdant_ball":46,"minecraft:dirt":96,"cobblemon:green_apricorn":3,"minecraft:gold_nugget":3,"minecraft:bone_block":1,"minecraft:phantom_membrane":6,"minecraft:iron_pickaxe":2,"minecraft:white_wool":1,"cobblemon:red_apricorn":1,"minecraft:bone":21,"minecraft:gravel":3,"minecraft:stone_axe":3,"minecraft:cooked_chicken":2,"minecraft:cobbled_deepslate":19,"minecraft:obsidian":2,"minecraft:rotten_flesh":131,"minecraft:oak_planks":17,"minecraft:cooked_mutton":1,"minecraft:gunpowder":3,"minecraft:acacia_sapling":1,"minecraft:chest":2,"minecraft:ladder":4,"minecraft:arrow":8,"minecraft:stone_brick_stairs":2,"minecraft:quartz":4,"minecraft:netherrack":667,"minecraft:egg":1,"minecraft:golden_boots":1,"minecraft:water_bucket":1,"minecraft:iron_ingot":3,"minecraft:bread":19,"cobblemon:wacan_berry":1,"minecraft:wheat_seeds":370,"minecraft:mossy_cobblestone":61,"minecraft:cobblestone":82,"minecraft:iron_helmet":1,"minecraft:golden_axe":1,"minecraft:feather":6,"minecraft:granite":90,"minecraft:copper_ingot":23,"minecraft:acacia_log":1,"cobblemon:chilan_berry":3,"cobblemon:oran_berry":3,"minecraft:stick":9,"cobblemon:medicinal_leek":5,"cobblemon:apricorn_log":5,"minecraft:diorite":5,"minecraft:light_blue_wool":1,"minecraft:brown_wool":2,"cobblemon:sharp_beak":1,"minecraft:iron_leggings":2,"minecraft:iron_axe":1,"minecraft:string":8,"minecraft:acacia_planks":67,"minecraft:kelp":31,"minecraft:soul_soil":60,"minecraft:raw_copper":8,"minecraft:tuff":24,"cobblemon:charti_berry":1,"minecraft:chicken":1,"minecraft:iron_boots":1,"cobblemon:quick_ball":8,"minecraft:flint_and_steel":2,"minecraft:diamond_sword":1,"minecraft:shield":1,"minecraft:spruce_trapdoor":1,"minecraft:diamond_pickaxe":1,"minecraft:iron_chestplate":1,"minecraft:andesite":1,"minecraft:golden_leggings":1,"minecraft:oak_sapling":3,"minecraft:stone_bricks":1,"minecraft:bow":1,"minecraft:stone_pickaxe":3,"minecraft:wooden_pickaxe":1},"minecraft:broken":{"minecraft:stone_pickaxe":12,"minecraft:diamond_pickaxe":1,"minecraft:stone_axe":2,"minecraft:shield":2,"minecraft:iron_pickaxe":2},"minecraft:mined":{"minecraft:white_bed":1,"minecraft:spruce_planks":1,"minecraft:mossy_stone_brick_slab":2,"cobblemon:dawn_stone_ore":1,"minecraft:cobblestone_stairs":8,"cobblemon:apricorn_log":5,"minecraft:brewing_stand":1,"minecraft:obsidian":40,"minecraft:spruce_trapdoor":1,"minecraft:granite":103,"minecraft:acacia_log":118,"minecraft:grass_block":55,"minecraft:soul_soil":158,"minecraft:chiseled_stone_bricks":3,"minecraft:magma_block":5,"minecraft:iron_ore":59,"minecraft:cobbled_deepslate":26,"minecraft:fire":14,"minecraft:anvil":1,"minecraft:deepslate_lapis_ore":6,"minecraft:fletching_table":1,"cobblemon:medicinal_leek":35,"minecraft:water_cauldron":1,"minecraft:orange_bed":5,"cobblemon:water_stone_ore":1,"minecraft:tripwire":1,"minecraft:kelp_plant":4,"minecraft:smoker":2,"minecraft:soul_fire":12,"cobblemon:apricorn_leaves":4,"minecraft:torch":4,"minecraft:blast_furnace":1,"minecraft:melon":2,"minecraft:chest":3,"minecraft:nether_quartz_ore":8,"minecraft:cobblestone":467,"minecraft:oak_planks":7,"minecraft:sugar_cane":33,"minecraft:wall_torch":14,"cobblemon:green_mint":1,"minecraft:wheat":1,"minecraft:tnt":7,"minecraft:stone_brick_stairs":3,"minecraft:grass":185,"minecraft:oak_log":114,"minecraft:acacia_fence":1,"minecraft:sand":13,"minecraft:dirt":111,"minecraft:netherrack":1031,"minecraft:oak_leaves":34,"minecraft:deepslate":767,"minecraft:yellow_terracotta":1,"minecraft:nether_gold_ore":1,"minecraft:diamond_ore":1,"minecraft:tuff":105,"minecraft:mossy_cobblestone":61,"minecraft:deepslate_diamond_ore":57,"minecraft:glow_lichen":2,"minecraft:nether_bricks":3,"minecraft:ladder":5,"minecraft:decorated_pot":1,"minecraft:polished_andesite_slab":2,"minecraft:spruce_leaves":2,"minecraft:kelp":4,"minecraft:hay_block":41,"minecraft:oak_trapdoor":2,"minecraft:furnace":9,"minecraft:andesite":17,"minecraft:nether_brick_fence":1,"minecraft:bookshelf":2,"minecraft:cobblestone_slab":40,"minecraft:deepslate_iron_ore":58,"minecraft:stripped_acacia_log":2,"minecraft:stone":1825,"minecraft:bone_block":3,"minecraft:acacia_leaves":19,"minecraft:soul_sand":77,"minecraft:stone_brick_slab":1,"minecraft:crafting_table":14,"minecraft:cobbled_deepslate_wall":3,"minecraft:emerald_ore":2,"minecraft:lectern":1,"minecraft:copper_ore":29,"minecraft:tall_grass":26,"minecraft:deepslate_gold_ore":8,"minecraft:diorite":43,"minecraft:coal_ore":74,"minecraft:gravel":30,"minecraft:acacia_door":1,"minecraft:cracked_stone_bricks":3,"minecraft:acacia_planks":49,"minecraft:polished_andesite":1,"minecraft:stone_bricks":6,"minecraft:mossy_stone_bricks":1,"minecraft:acacia_wall_sign":1,"minecraft:fern":1},"minecraft:killed_by":{"minecraft:wither_skeleton":3,"minecraft:creeper":1,"minecraft:magma_cube":1,"minecraft:blaze":2,"minecraft:zombie":3,"minecraft:warden":2,"minecraft:skeleton":1},"minecraft:used":{"minecraft:oak_sign":3,"minecraft:ladder":51,"minecraft:chest":14,"minecraft:shield":147,"minecraft:iron_sword":278,"minecraft:rotten_flesh":21,"minecraft:iron_chestplate":5,"minecraft:soul_sand":15,"minecraft:mutton":3,"minecraft:carrot":1,"minecraft:tuff":58,"minecraft:obsidian":30,"minecraft:iron_helmet":1,"minecraft:stone_bricks":4,"minecraft:bow":36,"minecraft:furnace":11,"minecraft:egg":2,"minecraft:diorite":38,"minecraft:oak_planks":6,"minecraft:stone_pickaxe":1874,"minecraft:wooden_pickaxe":20,"minecraft:sugar_cane":4,"minecraft:sand":5,"cobblemon:yellow_apricorn_seed":1,"minecraft:crossbow":4,"minecraft:cobbled_deepslate_stairs":16,"cobblemon:green_apricorn_seed":8,"minecraft:acacia_door":2,"minecraft:melon_slice":9,"minecraft:bread":149,"minecraft:lectern":2,"minecraft:gravel":19,"minecraft:diamond_sword":433,"cobblemon:red_apricorn_seed":3,"minecraft:andesite":23,"minecraft:experience_bottle":1,"minecraft:oak_trapdoor":6,"minecraft:enchanting_table":1,"minecraft:stone_sword":219,"minecraft:acacia_log":7,"minecraft:flint_and_steel":13,"minecraft:spruce_planks":1,"minecraft:cooked_chicken":5,"minecraft:netherrack":160,"minecraft:orange_bed":4,"minecraft:torch":48,"minecraft:dirt":70,"minecraft:anvil":2,"minecraft:golden_chestplate":1,"minecraft:granite":33,"minecraft:wooden_axe":41,"minecraft:bookshelf":13,"minecraft:iron_boots":5,"cobblemon:pc":2,"minecraft:diamond_chestplate":1,"minecraft:soul_soil":43,"minecraft:cooked_beef":22,"minecraft:cobbled_deepslate":176,"minecraft:acacia_planks":240,"minecraft:iron_leggings":4,"minecraft:cobbled_deepslate_wall":5,"minecraft:cooked_mutton":15,"minecraft:acacia_boat":4,"minecraft:water_bucket":87,"minecraft:cobblestone_stairs":120,"minecraft:fletching_table":2,"minecraft:cobblestone_slab":132,"minecraft:mossy_cobblestone":1,"minecraft:crafting_table":21,"minecraft:red_bed":1,"minecraft:white_bed":4,"minecraft:smoker":2,"minecraft:oak_log":14,"minecraft:diamond_pickaxe":2429,"minecraft:apple":1,"minecraft:acacia_sign":6,"minecraft:chicken":2,"minecraft:iron_pickaxe":806,"minecraft:stone_axe":494,"minecraft:cobblestone":1970,"minecraft:cobbled_deepslate_slab":43,"minecraft:cooked_porkchop":4,"minecraft:bucket":91,"minecraft:kelp":25,"minecraft:diamond_leggings":1,"cobblemon:blue_apricorn_seed":2},"minecraft:crafted":{"minecraft:smooth_stone":4,"minecraft:oak_planks":340,"minecraft:oak_sign":3,"minecraft:cobblestone_slab":126,"minecraft:cooked_chicken":7,"minecraft:stone":4,"minecraft:cobblestone_stairs":112,"minecraft:bookshelf":14,"minecraft:cooked_mutton":13,"minecraft:glass":2,"minecraft:diamond_helmet":1,"minecraft:bow":1,"minecraft:diamond_leggings":1,"minecraft:iron_boots":1,"minecraft:chest":14,"minecraft:oak_slab":6,"minecraft:emerald":19,"minecraft:cooked_porkchop":4,"minecraft:crafting_table":9,"cobblemon:verdant_ball":72,"minecraft:wooden_pickaxe":1,"minecraft:cobbled_deepslate_wall":12,"minecraft:copper_ingot":15,"minecraft:fletching_table":1,"cobblemon:quick_ball":44,"minecraft:lectern":1,"minecraft:iron_chestplate":1,"minecraft:book":8,"minecraft:paper":24,"minecraft:diamond_pickaxe":4,"minecraft:shield":2,"minecraft:stick":840,"minecraft:iron_ingot":87,"minecraft:iron_pickaxe":4,"minecraft:iron_block":3,"minecraft:stone_sword":2,"minecraft:acacia_door":3,"cobblemon:sport_ball":24,"minecraft:cobbled_deepslate_slab":54,"minecraft:furnace":4,"minecraft:oak_trapdoor":4,"minecraft:flint_and_steel":2,"minecraft:ladder":54,"minecraft:stone_pickaxe":17,"minecraft:diamond_boots":1,"minecraft:cobbled_deepslate_stairs":16,"minecraft:wheat":360,"minecraft:cooked_beef":34,"minecraft:diamond_sword":1,"minecraft:enchanting_table":1,"minecraft:iron_sword":1,"cobblemon:pc":2,"minecraft:bucket":4,"cobblemon:roseate_ball":8,"minecraft:stone_axe":5,"minecraft:acacia_boat":1,"cobblemon:luxury_ball":4,"minecraft:bread":120,"minecraft:acacia_sign":6,"minecraft:wooden_axe":1,"minecraft:iron_leggings":2,"minecraft:anvil":1,"minecraft:white_bed":3,"minecraft:acacia_planks":424,"minecraft:torch":36,"cobblemon:ultra_ball":4,"cobblemon:great_ball":4,"minecraft:diamond_chestplate":1}},"DataVersion":3465}