{"stats":{"minecraft:crafted":{"minecraft:oak_door":3,"minecraft:oak_planks":508,"minecraft:cobblestone_slab":366,"minecraft:iron_nugget":27,"mcwfurnitures:oak_modern_chair":1,"minecraft:chain":4,"minecraft:furnace":2,"mcwbridges:oak_log_bridge_stair":6,"minecraft:cobblestone_stairs":20,"cobblemon:premier_ball":4,"minecraft:glass_pane":32,"minecraft:flint_and_steel":1,"minecraft:glass":12,"minecraft:lantern":2,"mcwfurnitures:oak_coffee_table":4,"minecraft:stone_pickaxe":3,"mcwfurnitures:oak_table":4,"minecraft:oak_fence":27,"minecraft:wheat":108,"minecraft:oak_slab":24,"minecraft:wooden_shovel":1,"minecraft:crafting_table":2,"minecraft:wooden_pickaxe":2,"minecraft:baked_potato":11,"minecraft:copper_ingot":1,"minecraft:stone_axe":1,"mcwbridges:oak_log_bridge_middle":12,"minecraft:bread":36,"minecraft:stick":28,"minecraft:iron_ingot":15,"minecraft:iron_pickaxe":1,"minecraft:oak_stairs":68,"minecraft:wooden_axe":1,"minecraft:torch":16,"mcwfurnitures:oak_chair":3},"minecraft:killed_by":{"minecraft:skeleton":1,"minecraft:zombie":2},"minecraft:picked_up":{"cobblemon:leaf_stone":1,"minecraft:crafting_table":14,"cobblemon:yellow_apricorn":18,"minecraft:wooden_pickaxe":1,"minecraft:oak_stairs":42,"mcwfurnitures:oak_modern_chair":4,"minecraft:chain":4,"minecraft:shield":3,"minecraft:string":7,"mcwfurnitures:oak_chair":2,"minecraft:raw_copper":318,"minecraft:wooden_sword":2,"minecraft:flint_and_steel":1,"cobblemon:white_apricorn":13,"minecraft:glass_pane":2,"mcwbridges:oak_log_bridge_middle":12,"minecraft:bucket":1,"minecraft:beef":4,"cobblemon:oran_berry":188,"minecraft:cobblestone_slab":12,"minecraft:iron_nugget":3,"minecraft:wooden_shovel":1,"cobblemon:dusk_stone":1,"minecraft:iron_pickaxe":1,"minecraft:sugar_cane":23,"minecraft:egg":1,"minecraft:furnace":3,"minecraft:stick":71,"minecraft:raw_iron":33,"cobblemon:silver_powder":1,"minecraft:oak_door":2,"minecraft:oak_fence":1,"minecraft:torch":24,"minecraft:porkchop":2,"cobblemon:nanab_berry":34,"minecraft:pointed_dripstone":2,"minecraft:diorite":6,"minecraft:honey_bottle":1,"minecraft:light_gray_bed":2,"minecraft:stone_sword":1,"minecraft:arrow":4,"minecraft:rotten_flesh":1,"minecraft:hay_block":12,"minecraft:gold_ingot":1,"minecraft:cobblestone":531,"minecraft:pink_petals":20,"cobblemon:ultra_ball":27,"minecraft:water_bucket":3,"minecraft:andesite":1,"minecraft:leather":4,"minecraft:flint":1,"minecraft:oak_log":228,"minecraft:yellow_bed":1,"minecraft:cobblestone_stairs":2,"megamons:anistarite_geode_block":2,"minecraft:lantern":2,"minecraft:dirt":71,"minecraft:bone":4,"minecraft:apple":1,"minecraft:bow":1,"cobblemon:black_apricorn":8,"minecraft:wheat_seeds":2,"minecraft:iron_ingot":7,"minecraft:stone_pickaxe":6,"cobblemon:thunder_stone":1,"cobblemon:moon_stone":1,"minecraft:oak_planks":153,"cobblemon:sun_stone":1,"minecraft:oak_slab":12,"cobblemon:shiny_stone":2,"cobblemon:fire_stone":2,"minecraft:gravel":4,"cobblemon:cheri_berry":7,"minecraft:sand":12,"megamons:anistarite_rough_geode_block":1,"minecraft:stone_axe":5,"minecraft:iron_helmet":1,"minecraft:granite":4,"minecraft:cherry_sapling":1,"cobblemon:ice_stone":1,"minecraft:emerald":1,"minecraft:bread":190,"cobblemon:water_stone":1,"minecraft:baked_potato":3,"minecraft:oak_sapling":27,"minecraft:coal":84},"minecraft:mined":{"minecraft:oak_door":2,"minecraft:cobblestone_stairs":2,"megamons:crystal_shiny_stone_ore":1,"minecraft:granite":2,"minecraft:grass_block":13,"megamons:crystal_water_stone_ore":1,"megamons:crystal_fire_stone_ore":2,"minecraft:light_gray_bed":1,"megamons:crystal_dusk_stone_ore":1,"minecraft:hay_block":12,"minecraft:furnace":2,"minecraft:iron_ore":26,"minecraft:fire":6,"minecraft:andesite":1,"minecraft:pointed_dripstone":1,"minecraft:cobblestone_slab":11,"minecraft:oak_stairs":42,"megamons:crystal_ice_stone_ore":1,"minecraft:packed_ice":1,"minecraft:stone":341,"megamons:anistarite_rough_geode_block":6,"minecraft:oak_slab":1,"megamons:anistarite_geode_block":30,"cobblemon:leaf_stone_ore":1,"minecraft:crafting_table":12,"minecraft:torch":10,"cobblemon:apricorn_leaves":2,"minecraft:tall_grass":11,"minecraft:copper_ore":2,"minecraft:cobblestone":5,"megamons:crystal_moon_stone_ore":1,"minecraft:sugar_cane":12,"minecraft:oak_planks":46,"minecraft:diorite":6,"minecraft:wall_torch":3,"minecraft:pink_petals":17,"mcwfurnitures:oak_modern_chair":2,"minecraft:grass":35,"minecraft:oak_log":147,"minecraft:coal_ore":31,"minecraft:dripstone_block":1,"cobblemon:thunder_stone_ore":1,"mcwfurnitures:oak_chair":2,"minecraft:gravel":5,"minecraft:sand":12,"minecraft:dirt":39,"cobblemon:sun_stone_ore":1,"minecraft:oak_leaves":34,"minecraft:infested_stone":1},"minecraft:used":{"minecraft:oak_fence":4,"mcwfurnitures:oak_chair":5,"minecraft:flint_and_steel":2,"minecraft:wooden_shovel":7,"minecraft:oak_door":4,"minecraft:torch":22,"minecraft:dirt":52,"minecraft:wooden_axe":59,"mcwfurnitures:oak_modern_chair":2,"minecraft:oak_stairs":77,"minecraft:iron_helmet":1,"minecraft:oak_sapling":27,"minecraft:furnace":3,"minecraft:water_bucket":5,"minecraft:cobblestone_stairs":22,"minecraft:stone_pickaxe":361,"minecraft:baked_potato":11,"minecraft:oak_planks":466,"minecraft:wooden_pickaxe":74,"minecraft:cobblestone_slab":375,"minecraft:oak_slab":1,"minecraft:crafting_table":13,"minecraft:oak_log":55,"minecraft:bread":44,"minecraft:iron_pickaxe":71,"minecraft:gravel":4,"mcwbridges:oak_log_bridge_stair":6,"minecraft:stone_axe":220,"minecraft:pink_petals":20,"minecraft:wooden_sword":9,"minecraft:cobblestone":117,"minecraft:porkchop":2,"minecraft:bucket":4,"minecraft:glass_pane":30,"mcwfurnitures:oak_table":4},"minecraft:broken":{"minecraft:stone_pickaxe":1,"minecraft:stone_axe":1,"minecraft:wooden_axe":1},"minecraft:killed":{"minecraft:spider":1,"minecraft:skeleton":1,"minecraft:silverfish":1,"minecraft:pig":1,"minecraft:zombie":2,"minecraft:cow":1},"minecraft:dropped":{"minecraft:water_bucket":1,"minecraft:wheat_seeds":2,"minecraft:iron_helmet":1,"minecraft:cobblestone":8,"minecraft:granite":2,"cobblemon:shiny_stone":1,"minecraft:coal":41,"minecraft:emerald":1,"minecraft:diorite":6,"minecraft:string":1,"minecraft:bone":3,"minecraft:stone_axe":1,"minecraft:iron_nugget":3,"minecraft:raw_copper":55,"minecraft:pointed_dripstone":1,"minecraft:cherry_sapling":1,"minecraft:oak_planks":2,"megamons:anistarite_geode_block":2,"megamons:anistarite_rough_geode_block":1,"minecraft:cobblestone_slab":1,"minecraft:andesite":1,"minecraft:light_gray_bed":1,"minecraft:stone_pickaxe":3,"minecraft:wooden_pickaxe":2,"minecraft:egg":1},"minecraft:custom":{"minecraft:mob_kills":8,"minecraft:interact_with_crafting_table":58,"minecraft:bell_ring":5,"minecraft:leave_game":4,"minecraft:time_since_death":1944,"minecraft:sprint_one_cm":497083,"minecraft:walk_one_cm":388197,"minecraft:drop":32,"minecraft:talked_to_villager":1,"minecraft:play_time":236276,"minecraft:deaths":4,"minecraft:sneak_time":29795,"minecraft:walk_under_water_one_cm":47032,"minecraft:jump":4971,"minecraft:interact_with_blast_furnace":1,"minecraft:walk_on_water_one_cm":58659,"minecraft:total_world_time":236276,"minecraft:interact_with_furnace":29,"minecraft:sleep_in_bed":3,"minecraft:time_since_rest":2008,"minecraft:damage_taken":2956,"minecraft:damage_dealt":1134,"minecraft:fly_one_cm":1108736,"minecraft:swim_one_cm":125152,"minecraft:open_chest":11,"minecraft:crouch_one_cm":92543,"minecraft:fall_one_cm":142269}},"DataVersion":3465}