{"stats":{"minecraft:killed":{"minecraft:spider":5,"minecraft:skeleton":13,"minecraft:piglin":1,"minecraft:pig":2,"cobblemon:pokemon":13,"minecraft:creeper":2,"minecraft:sheep":10,"minecraft:zombie":31,"minecraft:cow":2},"minecraft:killed_by":{"minecraft:creeper":1,"minecraft:warden":2,"minecraft:skeleton":1,"minecraft:zombie":2},"minecraft:custom":{"minecraft:mob_kills":79,"minecraft:interact_with_crafting_table":87,"minecraft:leave_game":2,"minecraft:time_since_death":51080,"minecraft:climb_one_cm":36531,"minecraft:sprint_one_cm":810404,"minecraft:walk_one_cm":792527,"minecraft:damage_blocked_by_shield":2170,"minecraft:drop":89,"minecraft:talked_to_villager":1,"minecraft:play_time":421308,"minecraft:deaths":9,"minecraft:sneak_time":33624,"minecraft:walk_under_water_one_cm":38769,"minecraft:jump":8419,"minecraft:walk_on_water_one_cm":50206,"minecraft:total_world_time":421308,"minecraft:interact_with_furnace":82,"minecraft:sleep_in_bed":2,"minecraft:time_since_rest":51488,"minecraft:damage_taken":4464,"minecraft:damage_dealt":14837,"minecraft:player_kills":2,"minecraft:swim_one_cm":100037,"minecraft:fly_one_cm":1825642,"minecraft:open_chest":102,"minecraft:crouch_one_cm":81946,"minecraft:interact_with_smoker":1,"minecraft:fall_one_cm":260480},"minecraft:dropped":{"minecraft:iron_ingot":1,"cobblemon:wacan_berry":1,"minecraft:soul_sand":9,"minecraft:wheat_seeds":14,"minecraft:cobblestone":64,"minecraft:feather":2,"cobblemon:persim_berry":1,"minecraft:leather":4,"cobblemon:verdant_ball":9,"minecraft:copper_ingot":23,"minecraft:acacia_log":1,"cobblemon:oran_berry":3,"minecraft:dirt":13,"cobblemon:apricorn_log":5,"minecraft:light_blue_wool":1,"cobblemon:sharp_beak":1,"minecraft:iron_leggings":1,"minecraft:string":4,"minecraft:white_wool":1,"minecraft:acacia_planks":2,"minecraft:bone":2,"minecraft:soul_soil":34,"minecraft:cobbled_deepslate":6,"cobblemon:charti_berry":1,"minecraft:rotten_flesh":11,"cobblemon:quick_ball":8,"minecraft:cooked_mutton":1,"minecraft:spruce_trapdoor":1,"minecraft:iron_chestplate":1,"minecraft:oak_sapling":2,"minecraft:acacia_sapling":1,"minecraft:chest":2,"minecraft:ladder":1,"minecraft:bow":1,"minecraft:arrow":5,"minecraft:stone_pickaxe":1,"minecraft:netherrack":30},"minecraft:mined":{"minecraft:tuff":27,"minecraft:deepslate_diamond_ore":3,"minecraft:cobblestone_stairs":6,"cobblemon:apricorn_log":5,"minecraft:spruce_trapdoor":1,"minecraft:obsidian":6,"minecraft:ladder":5,"minecraft:granite":23,"minecraft:acacia_log":86,"minecraft:grass_block":41,"minecraft:soul_soil":23,"minecraft:hay_block":18,"minecraft:magma_block":3,"minecraft:furnace":8,"minecraft:iron_ore":15,"minecraft:fire":1,"minecraft:cobbled_deepslate":6,"minecraft:andesite":9,"cobblemon:medicinal_leek":19,"minecraft:deepslate_iron_ore":37,"minecraft:stripped_acacia_log":2,"minecraft:stone":502,"minecraft:tripwire":1,"minecraft:acacia_leaves":13,"minecraft:soul_sand":10,"minecraft:smoker":1,"minecraft:soul_fire":1,"minecraft:crafting_table":11,"cobblemon:apricorn_leaves":4,"minecraft:torch":2,"minecraft:melon":2,"minecraft:copper_ore":18,"minecraft:tall_grass":4,"minecraft:cobblestone":30,"minecraft:deepslate_gold_ore":2,"minecraft:sugar_cane":2,"minecraft:diorite":18,"minecraft:wall_torch":7,"minecraft:wheat":1,"minecraft:grass":75,"minecraft:oak_log":20,"minecraft:coal_ore":33,"minecraft:gravel":4,"minecraft:sand":3,"minecraft:acacia_door":1,"minecraft:dirt":16,"minecraft:acacia_planks":40,"minecraft:stone_bricks":4,"minecraft:netherrack":31,"minecraft:oak_leaves":22,"minecraft:deepslate":168},"minecraft:broken":{"minecraft:stone_pickaxe":5,"minecraft:shield":1,"minecraft:stone_axe":2},"minecraft:used":{"minecraft:stone_sword":216,"minecraft:acacia_log":1,"minecraft:flint_and_steel":2,"minecraft:ladder":6,"minecraft:chest":4,"minecraft:shield":83,"minecraft:iron_sword":22,"minecraft:cooked_chicken":4,"minecraft:rotten_flesh":7,"minecraft:iron_chestplate":4,"minecraft:torch":14,"minecraft:dirt":22,"minecraft:mutton":3,"minecraft:golden_chestplate":1,"minecraft:tuff":42,"minecraft:granite":3,"minecraft:wooden_axe":41,"minecraft:iron_boots":3,"minecraft:stone_bricks":2,"cobblemon:pc":1,"minecraft:bow":4,"minecraft:furnace":8,"minecraft:egg":2,"minecraft:cooked_beef":2,"minecraft:cobbled_deepslate":45,"minecraft:acacia_planks":217,"minecraft:iron_leggings":3,"minecraft:cooked_mutton":15,"minecraft:water_bucket":8,"minecraft:cobblestone_stairs":110,"minecraft:stone_pickaxe":807,"minecraft:wooden_pickaxe":20,"minecraft:crafting_table":14,"cobblemon:yellow_apricorn_seed":1,"minecraft:white_bed":3,"minecraft:oak_log":11,"cobblemon:green_apricorn_seed":3,"minecraft:diamond_pickaxe":29,"minecraft:acacia_sign":2,"minecraft:acacia_door":2,"minecraft:chicken":2,"minecraft:iron_pickaxe":154,"minecraft:melon_slice":6,"minecraft:bread":33,"minecraft:gravel":1,"minecraft:stone_axe":307,"minecraft:cobblestone":537,"minecraft:cooked_porkchop":2,"minecraft:andesite":8,"minecraft:bucket":9,"cobblemon:blue_apricorn_seed":1},"minecraft:crafted":{"minecraft:smooth_stone":2,"minecraft:cooked_chicken":6,"minecraft:furnace":2,"minecraft:cobblestone_stairs":104,"minecraft:stone":2,"minecraft:cooked_mutton":13,"minecraft:flint_and_steel":1,"minecraft:glass":1,"minecraft:iron_boots":1,"minecraft:ladder":6,"minecraft:stone_pickaxe":10,"minecraft:chest":6,"minecraft:wheat":153,"minecraft:cooked_beef":5,"minecraft:cooked_porkchop":2,"minecraft:crafting_table":5,"cobblemon:verdant_ball":52,"minecraft:wooden_pickaxe":1,"minecraft:iron_sword":1,"cobblemon:pc":1,"minecraft:copper_ingot":1,"minecraft:bucket":1,"minecraft:stone_axe":3,"cobblemon:luxury_ball":4,"minecraft:bread":51,"cobblemon:quick_ball":12,"minecraft:iron_chestplate":1,"minecraft:diamond_pickaxe":1,"minecraft:acacia_sign":3,"minecraft:shield":1,"minecraft:stick":48,"minecraft:iron_ingot":37,"minecraft:iron_pickaxe":1,"minecraft:wooden_axe":1,"minecraft:stone_sword":2,"minecraft:acacia_door":3,"minecraft:iron_leggings":2,"minecraft:white_bed":3,"minecraft:acacia_planks":320,"minecraft:torch":8,"cobblemon:ultra_ball":4},"minecraft:picked_up":{"minecraft:crafting_table":12,"minecraft:iron_chestplate":4,"minecraft:chicken":8,"minecraft:ladder":5,"cobblemon:yellow_apricorn":15,"cobblemon:red_apricorn":11,"minecraft:wooden_pickaxe":2,"cobblemon:charti_berry":1,"cobblemon:sharp_beak":1,"minecraft:shield":3,"minecraft:string":18,"minecraft:soul_soil":34,"minecraft:raw_copper":72,"cobblemon:mystic_water":1,"minecraft:acacia_door":3,"minecraft:flint_and_steel":1,"minecraft:iron_leggings":2,"cobblemon:white_apricorn":7,"minecraft:iron_shovel":2,"minecraft:cobbled_deepslate":284,"cobblemon:green_apricorn":85,"minecraft:beef":10,"cobblemon:oran_berry":65,"cobblemon:relic_coin":42,"minecraft:iron_pickaxe":1,"cobblemon:quick_ball":5,"minecraft:melon_slice":12,"minecraft:sugar_cane":12,"minecraft:chest":2,"cobblemon:green_apricorn_seed":10,"minecraft:spruce_trapdoor":1,"minecraft:furnace":8,"minecraft:iron_boots":4,"minecraft:egg":2,"minecraft:stick":8,"minecraft:raw_iron":92,"cobblemon:apricorn_log":5,"minecraft:copper_ingot":41,"minecraft:torch":11,"minecraft:acacia_log":90,"minecraft:porkchop":2,"cobblemon:rawst_berry":48,"minecraft:diorite":15,"minecraft:golden_chestplate":1,"minecraft:stone_sword":5,"minecraft:arrow":19,"minecraft:rotten_flesh":28,"minecraft:light_blue_wool":1,"minecraft:hay_block":17,"minecraft:gold_ingot":14,"minecraft:obsidian":6,"minecraft:mutton":20,"cobblemon:verdant_ball":43,"cobblemon:blue_apricorn":24,"minecraft:white_wool":13,"minecraft:cobblestone":965,"minecraft:air":0,"minecraft:feather":7,"minecraft:water_bucket":1,"minecraft:andesite":9,"minecraft:leather":4,"minecraft:smoker":1,"minecraft:flint":1,"minecraft:tuff":121,"minecraft:oak_log":20,"minecraft:cobblestone_stairs":6,"minecraft:dirt":75,"minecraft:cooked_mutton":3,"minecraft:bone":3,"minecraft:acacia_planks":118,"minecraft:stone_bricks":4,"minecraft:bow":7,"minecraft:wheat_seeds":20,"cobblemon:black_apricorn":5,"minecraft:raw_gold":4,"minecraft:iron_ingot":6,"minecraft:stone_pickaxe":5,"cobblemon:wacan_berry":1,"minecraft:acacia_sapling":3,"minecraft:soul_sand":9,"cobblemon:red_apricorn_seed":2,"cobblemon:payapa_berry":13,"cobblemon:blue_apricorn_seed":2,"minecraft:gravel":1,"cobblemon:yellow_apricorn_seed":1,"minecraft:sand":1,"cobblemon:persim_berry":25,"cobblemon:pink_apricorn":2,"minecraft:stripped_acacia_log":2,"minecraft:diamond":6,"minecraft:stone_axe":1,"minecraft:granite":41,"minecraft:bread":38,"minecraft:emerald":2,"cobblemon:medicinal_leek":56,"cobblemon:chesto_berry":1,"minecraft:oak_sapling":2,"minecraft:netherrack":30,"minecraft:coal":187}},"DataVersion":3465}