{"stats":{"minecraft:killed":{"minecraft:pig":8,"cobblemon:pokemon":8,"minecraft:salmon":11,"minecraft:spider":2,"minecraft:slime":3,"minecraft:sheep":6,"minecraft:skeleton":2,"minecraft:zombie":5,"minecraft:cow":1},"minecraft:killed_by":{"minecraft:skeleton":1,"minecraft:creeper":1,"minecraft:zombie":2,"minecraft:drowned":1},"minecraft:custom":{"minecraft:interact_with_furnace":11,"minecraft:mob_kills":46,"minecraft:traded_with_villager":2,"minecraft:interact_with_crafting_table":27,"minecraft:interact_with_campfire":11,"minecraft:bell_ring":12,"minecraft:leave_game":1,"minecraft:time_since_death":83791,"minecraft:sleep_in_bed":2,"minecraft:climb_one_cm":11148,"minecraft:time_since_rest":12229,"minecraft:sprint_one_cm":303181,"minecraft:damage_taken":2210,"minecraft:walk_one_cm":526299,"minecraft:drop":20,"minecraft:damage_dealt":5674,"minecraft:talked_to_villager":2,"minecraft:swim_one_cm":63785,"minecraft:fly_one_cm":269013,"minecraft:open_chest":39,"minecraft:crouch_one_cm":4011,"minecraft:play_time":153444,"minecraft:deaths":5,"minecraft:sneak_time":943,"minecraft:walk_under_water_one_cm":50024,"minecraft:jump":2352,"minecraft:walk_on_water_one_cm":40504,"minecraft:total_world_time":153444,"minecraft:fall_one_cm":39462},"minecraft:dropped":{"cobblemon:wacan_berry":1,"minecraft:porkchop":1,"minecraft:stone_sword":1,"minecraft:cobblestone":1,"minecraft:rotten_flesh":3,"cobblemon:quick_ball":1,"cobblemon:verdant_ball":1,"minecraft:acacia_log":2,"minecraft:emerald":2,"cobblemon:payapa_berry":5,"minecraft:wooden_axe":1,"minecraft:oak_sapling":2,"minecraft:stone_pickaxe":1,"minecraft:acacia_planks":19},"minecraft:mined":{"minecraft:acacia_leaves":6,"minecraft:white_bed":1,"minecraft:red_bed":1,"minecraft:clay":6,"minecraft:crafting_table":3,"cobblemon:payapa_berry":2,"minecraft:torch":1,"minecraft:acacia_log":88,"minecraft:campfire":1,"minecraft:copper_ore":1,"minecraft:tall_grass":15,"cobblemon:oran_berry":4,"minecraft:hay_block":11,"minecraft:iron_ore":1,"minecraft:light_gray_wool":1,"minecraft:grass":144,"minecraft:coal_ore":29,"minecraft:dirt":10,"minecraft:acacia_planks":1,"minecraft:stone":112,"minecraft:oak_leaves":2},"minecraft:broken":{"minecraft:wooden_axe":1,"minecraft:wooden_pickaxe":2},"minecraft:used":{"minecraft:wheat_seeds":1,"minecraft:cooked_mutton":6,"minecraft:stone_sword":231,"minecraft:acacia_log":1,"minecraft:stone_pickaxe":28,"minecraft:chest":2,"minecraft:wooden_pickaxe":118,"minecraft:cooked_chicken":2,"minecraft:rotten_flesh":1,"minecraft:dirt":10,"minecraft:red_bed":1,"minecraft:crafting_table":3,"minecraft:white_bed":1,"minecraft:campfire":1,"cobblemon:green_apricorn_seed":2,"minecraft:wooden_axe":124,"minecraft:wooden_hoe":1,"minecraft:acacia_sign":2,"minecraft:stone_bricks":1,"cobblemon:red_apricorn_seed":1,"minecraft:stone_axe":55,"minecraft:light_gray_wool":1,"minecraft:wooden_sword":98,"minecraft:cobblestone":9,"minecraft:porkchop":3,"minecraft:cooked_porkchop":2,"minecraft:cooked_beef":3,"minecraft:acacia_planks":21},"minecraft:crafted":{"minecraft:cooked_beef":3,"minecraft:wooden_sword":1,"minecraft:emerald":2,"minecraft:cooked_porkchop":13,"minecraft:crafting_table":2,"cobblemon:verdant_ball":16,"minecraft:wooden_pickaxe":2,"minecraft:copper_ingot":25,"minecraft:bone_meal":6,"cobblemon:roseate_ball":4,"minecraft:campfire":1,"minecraft:stone_axe":2,"cobblemon:poke_ball":4,"minecraft:wooden_hoe":1,"minecraft:acacia_sign":3,"minecraft:stick":44,"minecraft:stone_pickaxe":2,"minecraft:wooden_axe":3,"minecraft:stone_sword":4,"minecraft:chest":4,"minecraft:white_bed":1,"minecraft:acacia_planks":312},"minecraft:picked_up":{"minecraft:wooden_axe":3,"minecraft:charcoal":2,"minecraft:crafting_table":6,"minecraft:air":0,"minecraft:feather":10,"minecraft:chicken":3,"minecraft:clay_ball":24,"minecraft:salmon":10,"cobblemon:red_apricorn":6,"minecraft:wooden_pickaxe":2,"minecraft:potato":1,"minecraft:flint":1,"minecraft:red_bed":1,"minecraft:wooden_hoe":1,"minecraft:dirt":10,"minecraft:raw_copper":3,"minecraft:wooden_sword":2,"minecraft:cooked_mutton":8,"minecraft:bone":2,"minecraft:acacia_planks":153,"minecraft:stone_bricks":2,"minecraft:wheat_seeds":33,"minecraft:cobbled_deepslate":6,"cobblemon:green_apricorn":23,"minecraft:beef":3,"minecraft:cooked_chicken":5,"cobblemon:oran_berry":38,"minecraft:stone_pickaxe":2,"minecraft:light_gray_wool":2,"cobblemon:quick_ball":2,"cobblemon:wacan_berry":3,"minecraft:chest":2,"cobblemon:green_apricorn_seed":3,"minecraft:raw_iron":1,"cobblemon:red_apricorn_seed":1,"minecraft:stick":17,"minecraft:cooked_porkchop":1,"cobblemon:payapa_berry":5,"minecraft:torch":2,"minecraft:acacia_log":112,"minecraft:porkchop":18,"cobblemon:pink_apricorn":6,"minecraft:white_bed":1,"minecraft:slime_ball":2,"minecraft:arrow":1,"minecraft:stone_sword":4,"minecraft:rotten_flesh":9,"minecraft:light_blue_wool":1,"minecraft:stone_axe":3,"minecraft:hay_block":11,"minecraft:oak_sapling":3,"minecraft:black_wool":2,"minecraft:mutton":10,"cobblemon:verdant_ball":12,"minecraft:coal":32,"minecraft:white_wool":3,"minecraft:cobblestone":195}},"DataVersion":3465}