{"stats":{"minecraft:killed":{"minecraft:spider":2,"minecraft:slime":3,"minecraft:skeleton":2,"minecraft:pig":8,"cobblemon:pokemon":8,"minecraft:salmon":11,"minecraft:sheep":6,"minecraft:zombie":5,"minecraft:cow":1},"minecraft:killed_by":{"minecraft:creeper":1,"minecraft:drowned":1,"minecraft:skeleton":1,"minecraft:zombie":2},"minecraft:custom":{"minecraft:mob_kills":46,"minecraft:interact_with_crafting_table":27,"minecraft:interact_with_campfire":11,"minecraft:bell_ring":12,"minecraft:leave_game":1,"minecraft:time_since_death":107791,"minecraft:climb_one_cm":11713,"minecraft:sprint_one_cm":389117,"minecraft:walk_one_cm":567380,"minecraft:drop":24,"minecraft:talked_to_villager":2,"minecraft:play_time":177444,"minecraft:deaths":5,"minecraft:sneak_time":984,"minecraft:walk_under_water_one_cm":50484,"minecraft:jump":2993,"minecraft:walk_on_water_one_cm":44248,"minecraft:total_world_time":177444,"minecraft:interact_with_furnace":11,"minecraft:traded_with_villager":2,"minecraft:sleep_in_bed":5,"minecraft:time_since_rest":14062,"minecraft:damage_taken":2620,"minecraft:damage_dealt":5824,"minecraft:swim_one_cm":77300,"minecraft:fly_one_cm":421941,"minecraft:open_chest":39,"minecraft:crouch_one_cm":4286,"minecraft:fall_one_cm":55993},"minecraft:dropped":{"cobblemon:wacan_berry":1,"minecraft:porkchop":1,"minecraft:feather":2,"minecraft:cobblestone":1,"cobblemon:verdant_ball":1,"minecraft:acacia_log":2,"minecraft:emerald":2,"cobblemon:payapa_berry":5,"minecraft:wooden_axe":1,"minecraft:acacia_planks":19,"minecraft:bone":2,"minecraft:stone_sword":1,"minecraft:rotten_flesh":3,"cobblemon:quick_ball":1,"minecraft:potato":1,"minecraft:oak_sapling":2,"minecraft:stone_pickaxe":1},"minecraft:mined":{"minecraft:spruce_planks":1,"minecraft:white_bed":1,"cobblemon:payapa_berry":2,"minecraft:acacia_log":95,"minecraft:hay_block":11,"minecraft:iron_ore":1,"minecraft:oak_stairs":9,"minecraft:stone":112,"minecraft:acacia_leaves":9,"minecraft:red_bed":1,"minecraft:crafting_table":3,"minecraft:clay":6,"minecraft:torch":1,"minecraft:campfire":1,"minecraft:tall_grass":15,"minecraft:copper_ore":1,"minecraft:oak_planks":14,"cobblemon:oran_berry":4,"minecraft:light_gray_wool":1,"minecraft:grass":144,"minecraft:coal_ore":29,"minecraft:cocoa":1,"minecraft:sand":3,"minecraft:dirt":10,"minecraft:acacia_planks":1,"minecraft:oak_leaves":2},"minecraft:broken":{"minecraft:wooden_pickaxe":2,"minecraft:wooden_axe":1},"minecraft:used":{"minecraft:stone_sword":241,"minecraft:acacia_log":1,"minecraft:chest":2,"minecraft:rotten_flesh":1,"minecraft:cooked_chicken":2,"minecraft:dirt":10,"minecraft:wooden_axe":124,"minecraft:oak_stairs":4,"minecraft:stone_bricks":1,"minecraft:light_gray_wool":1,"minecraft:cooked_beef":3,"minecraft:acacia_planks":21,"minecraft:wheat_seeds":1,"minecraft:cooked_mutton":8,"minecraft:stone_pickaxe":28,"minecraft:oak_planks":5,"minecraft:wooden_pickaxe":118,"minecraft:crafting_table":3,"minecraft:red_bed":1,"minecraft:campfire":1,"minecraft:white_bed":1,"minecraft:wooden_hoe":1,"cobblemon:green_apricorn_seed":2,"minecraft:acacia_sign":2,"minecraft:chicken":1,"minecraft:stone_axe":95,"minecraft:wooden_sword":98,"minecraft:cobblestone":10,"cobblemon:red_apricorn_seed":1,"minecraft:cooked_porkchop":7,"minecraft:porkchop":3,"minecraft:bone_meal":6},"minecraft:crafted":{"minecraft:wooden_sword":1,"minecraft:bone_meal":6,"minecraft:stone_pickaxe":2,"minecraft:chest":4,"minecraft:cooked_beef":3,"minecraft:emerald":2,"minecraft:cooked_porkchop":13,"minecraft:crafting_table":2,"minecraft:wooden_pickaxe":2,"cobblemon:verdant_ball":16,"minecraft:copper_ingot":25,"minecraft:campfire":1,"cobblemon:roseate_ball":4,"minecraft:stone_axe":2,"cobblemon:poke_ball":4,"minecraft:wooden_hoe":1,"minecraft:acacia_sign":3,"minecraft:stick":44,"minecraft:wooden_axe":3,"minecraft:stone_sword":4,"minecraft:white_bed":1,"minecraft:acacia_planks":312},"minecraft:picked_up":{"minecraft:wooden_axe":3,"minecraft:charcoal":2,"minecraft:crafting_table":6,"minecraft:chicken":3,"minecraft:clay_ball":24,"cobblemon:red_apricorn":10,"minecraft:wooden_pickaxe":2,"minecraft:oak_stairs":8,"minecraft:red_bed":1,"minecraft:raw_copper":3,"minecraft:wooden_sword":2,"minecraft:cobbled_deepslate":6,"cobblemon:green_apricorn":31,"minecraft:spruce_planks":1,"minecraft:beef":3,"cobblemon:oran_berry":38,"minecraft:light_gray_wool":2,"cobblemon:quick_ball":2,"minecraft:chest":2,"cobblemon:green_apricorn_seed":3,"minecraft:egg":1,"minecraft:stick":17,"minecraft:raw_iron":1,"minecraft:torch":2,"minecraft:acacia_log":119,"minecraft:porkchop":18,"minecraft:stone_sword":4,"minecraft:arrow":3,"minecraft:rotten_flesh":9,"minecraft:light_blue_wool":1,"minecraft:hay_block":11,"minecraft:mutton":10,"cobblemon:verdant_ball":17,"minecraft:white_wool":3,"minecraft:cobblestone":195,"minecraft:air":0,"minecraft:feather":11,"minecraft:salmon":10,"minecraft:potato":2,"minecraft:flint":1,"minecraft:wooden_hoe":1,"minecraft:dirt":10,"minecraft:cooked_mutton":8,"minecraft:bone":6,"minecraft:acacia_planks":153,"minecraft:stone_bricks":2,"minecraft:wheat_seeds":34,"minecraft:stone_pickaxe":2,"minecraft:cooked_chicken":5,"cobblemon:wacan_berry":3,"minecraft:oak_planks":14,"cobblemon:red_apricorn_seed":2,"minecraft:cooked_porkchop":1,"cobblemon:payapa_berry":5,"minecraft:sand":3,"cobblemon:pink_apricorn":6,"minecraft:white_bed":1,"minecraft:slime_ball":2,"minecraft:stone_axe":3,"minecraft:crossbow":1,"minecraft:oak_sapling":3,"minecraft:black_wool":2,"minecraft:coal":32}},"DataVersion":3465}