{"stats":{"minecraft:picked_up":{"minecraft:wooden_axe":3,"minecraft:charcoal":2,"minecraft:crafting_table":12,"minecraft:wheat":1,"minecraft:ladder":1,"minecraft:chicken":3,"minecraft:clay_ball":32,"cobblemon:yellow_apricorn":4,"cobblemon:red_apricorn":24,"minecraft:wooden_pickaxe":2,"minecraft:oak_stairs":16,"minecraft:shield":2,"minecraft:string":4,"minecraft:red_bed":1,"minecraft:raw_copper":3,"minecraft:cooked_salmon":8,"minecraft:wooden_sword":2,"cobblemon:white_apricorn":7,"minecraft:cracked_stone_bricks":2,"minecraft:cobbled_deepslate":16,"cobblemon:green_apricorn":71,"minecraft:spruce_planks":3,"minecraft:beef":3,"cobblemon:oran_berry":215,"minecraft:light_gray_wool":2,"cobblemon:quick_ball":2,"minecraft:chest":2,"cobblemon:green_apricorn_seed":6,"minecraft:iron_boots":1,"minecraft:egg":3,"minecraft:stick":45,"minecraft:raw_iron":7,"minecraft:brown_terracotta":7,"minecraft:copper_ingot":77,"minecraft:torch":2,"minecraft:acacia_log":133,"minecraft:porkchop":18,"cobblemon:citrine_ball":11,"minecraft:stone_sword":11,"minecraft:arrow":19,"minecraft:rotten_flesh":16,"minecraft:light_blue_wool":1,"minecraft:hay_block":55,"minecraft:white_terracotta":2,"minecraft:cod":1,"minecraft:mutton":20,"cobblemon:verdant_ball":65,"minecraft:white_wool":3,"minecraft:cobblestone":205,"minecraft:magma_block":2,"minecraft:air":0,"minecraft:feather":11,"minecraft:salmon":30,"minecraft:golden_leggings":1,"cobblemon:pinap_berry":24,"minecraft:potato":4,"minecraft:flint":3,"minecraft:tuff":1,"minecraft:oak_log":1,"minecraft:golden_boots":1,"minecraft:wooden_hoe":1,"minecraft:dirt":25,"minecraft:orange_terracotta":5,"minecraft:cooked_mutton":8,"minecraft:bone":13,"minecraft:acacia_planks":216,"minecraft:stone_bricks":3,"minecraft:wheat_seeds":45,"minecraft:stone_pickaxe":8,"minecraft:cooked_chicken":5,"cobblemon:wacan_berry":3,"minecraft:oak_planks":32,"cobblemon:red_apricorn_seed":4,"minecraft:cooked_porkchop":17,"cobblemon:payapa_berry":5,"cobblemon:premier_ball":12,"minecraft:sand":11,"cobblemon:persim_berry":63,"cobblemon:pink_apricorn":6,"minecraft:white_bed":1,"minecraft:red_terracotta":8,"minecraft:spider_eye":2,"minecraft:light_gray_terracotta":2,"minecraft:slime_ball":2,"cobblemon:poke_ball":17,"minecraft:stone_axe":8,"minecraft:crossbow":8,"minecraft:terracotta":18,"minecraft:netherrack":1,"minecraft:oak_sapling":3,"minecraft:melon_seeds":3,"minecraft:black_wool":2,"minecraft:coal":157},"minecraft:killed":{"minecraft:spider":3,"minecraft:cod":1,"minecraft:slime":3,"minecraft:skeleton":5,"minecraft:pig":8,"cobblemon:pokemon":8,"minecraft:salmon":11,"minecraft:sheep":6,"minecraft:pillager":4,"minecraft:zombie":9,"minecraft:cow":1},"minecraft:custom":{"minecraft:mob_kills":59,"minecraft:interact_with_crafting_table":51,"minecraft:interact_with_campfire":11,"minecraft:bell_ring":12,"minecraft:leave_game":3,"minecraft:time_since_death":15438,"minecraft:climb_one_cm":31197,"minecraft:sprint_one_cm":829446,"minecraft:walk_one_cm":861820,"minecraft:damage_blocked_by_shield":1988,"minecraft:drop":42,"minecraft:talked_to_villager":2,"minecraft:play_time":335390,"minecraft:deaths":12,"minecraft:sneak_time":1245,"minecraft:walk_under_water_one_cm":89048,"minecraft:jump":6776,"minecraft:walk_on_water_one_cm":109462,"minecraft:total_world_time":335390,"minecraft:interact_with_furnace":19,"minecraft:traded_with_villager":2,"minecraft:sleep_in_bed":9,"minecraft:time_since_rest":15472,"minecraft:damage_taken":6547,"minecraft:damage_dealt":9664,"minecraft:swim_one_cm":247539,"minecraft:fly_one_cm":1153140,"minecraft:player_kills":4,"minecraft:open_chest":71,"minecraft:crouch_one_cm":5263,"minecraft:fall_one_cm":149911},"minecraft:dropped":{"minecraft:golden_boots":1,"cobblemon:wacan_berry":1,"minecraft:porkchop":1,"minecraft:wheat_seeds":9,"minecraft:oak_log":1,"minecraft:crossbow":2,"minecraft:cobblestone":1,"minecraft:feather":2,"cobblemon:verdant_ball":1,"minecraft:acacia_log":2,"minecraft:emerald":2,"minecraft:dirt":12,"cobblemon:payapa_berry":5,"minecraft:wooden_axe":1,"minecraft:string":4,"minecraft:acacia_planks":19,"minecraft:bone":2,"minecraft:stone_sword":3,"minecraft:tuff":1,"minecraft:rotten_flesh":7,"cobblemon:quick_ball":1,"minecraft:potato":1,"minecraft:oak_sapling":2,"minecraft:ladder":1,"minecraft:spider_eye":2,"minecraft:stone_pickaxe":1},"minecraft:broken":{"minecraft:wooden_pickaxe":2,"minecraft:wooden_axe":1},"minecraft:mined":{"minecraft:tuff":1,"minecraft:spruce_planks":1,"minecraft:white_bed":1,"cobblemon:payapa_berry":2,"minecraft:ladder":1,"minecraft:acacia_log":95,"minecraft:decorated_pot":5,"minecraft:hay_block":11,"minecraft:iron_ore":5,"minecraft:fire":2,"minecraft:oak_stairs":9,"minecraft:stone":113,"minecraft:acacia_leaves":9,"minecraft:red_bed":1,"minecraft:kelp_plant":1,"minecraft:orange_terracotta":5,"minecraft:clay":6,"minecraft:crafting_table":3,"minecraft:light_gray_terracotta":1,"minecraft:torch":1,"minecraft:dead_bush":2,"minecraft:campfire":1,"minecraft:tall_grass":16,"cobblemon:pinap_berry":5,"minecraft:copper_ore":1,"minecraft:oak_planks":14,"cobblemon:oran_berry":4,"minecraft:white_terracotta":1,"minecraft:red_terracotta":9,"minecraft:light_gray_wool":1,"minecraft:bee_nest":1,"minecraft:grass":151,"minecraft:oak_log":1,"minecraft:coal_ore":29,"minecraft:cocoa":1,"minecraft:sand":4,"minecraft:dirt":10,"minecraft:brown_terracotta":7,"minecraft:cracked_stone_bricks":2,"minecraft:terracotta":18,"minecraft:acacia_planks":2,"minecraft:stone_bricks":2,"minecraft:oak_leaves":10},"minecraft:killed_by":{"minecraft:player":4,"minecraft:zombified_piglin":1,"minecraft:creeper":1,"minecraft:drowned":1,"minecraft:skeleton":1,"minecraft:zombie":4},"minecraft:used":{"minecraft:stone_sword":402,"minecraft:acacia_log":1,"minecraft:chest":2,"minecraft:shield":101,"minecraft:white_terracotta":1,"minecraft:cooked_salmon":6,"minecraft:cooked_chicken":2,"minecraft:rotten_flesh":2,"minecraft:dirt":13,"minecraft:mutton":2,"minecraft:wooden_axe":124,"minecraft:oak_stairs":4,"minecraft:stone_bricks":2,"minecraft:light_gray_wool":1,"minecraft:egg":1,"minecraft:cooked_beef":3,"minecraft:acacia_planks":30,"minecraft:orange_terracotta":5,"minecraft:golden_boots":1,"minecraft:wheat_seeds":1,"minecraft:cooked_mutton":8,"minecraft:stone_pickaxe":105,"minecraft:oak_planks":6,"minecraft:wooden_pickaxe":118,"minecraft:cracked_stone_bricks":2,"minecraft:terracotta":11,"minecraft:crafting_table":3,"minecraft:red_bed":1,"minecraft:crossbow":2,"minecraft:white_bed":1,"minecraft:campfire":1,"minecraft:cod":1,"minecraft:wooden_hoe":1,"cobblemon:green_apricorn_seed":4,"minecraft:acacia_sign":2,"minecraft:chicken":1,"minecraft:bread":33,"minecraft:stone_axe":102,"minecraft:wooden_sword":98,"minecraft:cobblestone":10,"cobblemon:red_apricorn_seed":1,"minecraft:porkchop":3,"minecraft:cooked_porkchop":14,"minecraft:bone_meal":6},"minecraft:crafted":{"minecraft:wooden_sword":1,"minecraft:bone_meal":6,"cobblemon:premier_ball":4,"minecraft:iron_boots":1,"minecraft:stone_pickaxe":4,"minecraft:chest":4,"minecraft:wheat":99,"cobblemon:citrine_ball":8,"minecraft:cooked_beef":3,"minecraft:emerald":2,"minecraft:cooked_porkchop":13,"minecraft:crafting_table":2,"cobblemon:verdant_ball":48,"minecraft:wooden_pickaxe":2,"minecraft:cooked_salmon":10,"minecraft:copper_ingot":25,"minecraft:campfire":1,"cobblemon:roseate_ball":4,"minecraft:stone_axe":4,"minecraft:bread":33,"cobblemon:poke_ball":8,"minecraft:wooden_hoe":1,"minecraft:acacia_sign":3,"minecraft:shield":1,"minecraft:stick":64,"minecraft:iron_ingot":5,"minecraft:wooden_axe":3,"minecraft:stone_sword":8,"minecraft:white_bed":1,"minecraft:acacia_planks":340}},"DataVersion":3465}