{"stats":{"minecraft:picked_up":{"minecraft:wooden_axe":3,"minecraft:leather_leggings":1,"minecraft:charcoal":2,"minecraft:crafting_table":20,"minecraft:wheat":1,"minecraft:chicken":7,"minecraft:ladder":1,"minecraft:clay_ball":32,"cobblemon:yellow_apricorn":4,"cobblemon:red_apricorn":41,"cobblemon:sport_ball":2,"minecraft:wooden_pickaxe":2,"minecraft:oak_stairs":16,"minecraft:soul_soil":29,"cobblemon:sharp_beak":1,"minecraft:shield":2,"minecraft:acacia_door":1,"minecraft:string":4,"minecraft:red_bed":1,"minecraft:raw_copper":3,"minecraft:cooked_salmon":9,"minecraft:wooden_sword":2,"cobblemon:white_apricorn":14,"minecraft:cracked_stone_bricks":2,"minecraft:cobbled_deepslate":80,"cobblemon:green_apricorn":108,"minecraft:spruce_planks":3,"minecraft:beef":29,"cobblemon:oran_berry":332,"cobblemon:relic_coin":54,"minecraft:light_gray_wool":2,"cobblemon:quick_ball":2,"minecraft:sugar_cane":6,"minecraft:chest":6,"cobblemon:green_apricorn_seed":14,"minecraft:iron_boots":4,"minecraft:egg":6,"minecraft:stick":106,"minecraft:raw_iron":7,"minecraft:oak_door":1,"minecraft:copper_ingot":96,"minecraft:brown_terracotta":7,"minecraft:torch":4,"minecraft:acacia_log":148,"minecraft:porkchop":18,"minecraft:carrot":5,"cobblemon:citrine_ball":11,"minecraft:stone_sword":14,"minecraft:arrow":34,"minecraft:cooked_cod":6,"minecraft:rotten_flesh":18,"minecraft:light_blue_wool":1,"minecraft:nether_bricks":3,"minecraft:hay_block":55,"minecraft:bone_block":10,"minecraft:white_terracotta":2,"minecraft:mutton":20,"cobblemon:verdant_ball":101,"minecraft:cod":13,"minecraft:white_wool":3,"minecraft:cobblestone":287,"minecraft:magma_block":2,"minecraft:air":0,"minecraft:feather":11,"minecraft:andesite":1,"minecraft:salmon":40,"minecraft:leather":10,"minecraft:golden_leggings":4,"cobblemon:pinap_berry":60,"minecraft:smoker":1,"minecraft:potato":4,"cobblemon:roseate_ball":9,"minecraft:flint":3,"minecraft:tuff":1,"minecraft:oak_log":79,"minecraft:golden_boots":1,"minecraft:wooden_hoe":1,"minecraft:dirt":59,"cobblemon:pink_apricorn_seed":1,"minecraft:orange_terracotta":5,"minecraft:cooked_mutton":8,"minecraft:bone":13,"minecraft:acacia_planks":312,"minecraft:stone_bricks":5,"minecraft:wheat_seeds":46,"minecraft:iron_ingot":1,"minecraft:stone_pickaxe":11,"minecraft:cooked_chicken":7,"cobblemon:wacan_berry":3,"minecraft:acacia_sapling":1,"minecraft:oak_planks":191,"cobblemon:red_apricorn_seed":5,"minecraft:cooked_porkchop":17,"cobblemon:payapa_berry":5,"minecraft:quartz":5,"cobblemon:premier_ball":14,"minecraft:sand":11,"cobblemon:persim_berry":63,"cobblemon:pink_apricorn":17,"minecraft:grass_block":1,"minecraft:white_bed":1,"minecraft:red_terracotta":8,"minecraft:spider_eye":2,"minecraft:light_gray_terracotta":2,"minecraft:slime_ball":2,"cobblemon:poke_ball":20,"minecraft:stone_axe":11,"minecraft:crossbow":11,"minecraft:granite":20,"minecraft:bone_meal":2,"minecraft:terracotta":18,"minecraft:netherrack":56,"minecraft:oak_sapling":3,"minecraft:melon_seeds":3,"minecraft:black_wool":2,"minecraft:coal":207},"minecraft:killed":{"minecraft:spider":3,"minecraft:cod":8,"minecraft:slime":3,"minecraft:skeleton":6,"minecraft:chicken":2,"minecraft:piglin":1,"minecraft:pig":8,"cobblemon:pokemon":10,"minecraft:salmon":18,"minecraft:sheep":6,"minecraft:pillager":4,"minecraft:zombie":10,"minecraft:cow":15},"minecraft:custom":{"minecraft:mob_kills":94,"minecraft:interact_with_crafting_table":69,"minecraft:interact_with_campfire":11,"minecraft:bell_ring":12,"minecraft:leave_game":4,"minecraft:time_since_death":12303,"minecraft:climb_one_cm":42635,"minecraft:sprint_one_cm":1049177,"minecraft:walk_one_cm":1082291,"minecraft:damage_blocked_by_shield":1988,"minecraft:drop":53,"minecraft:talked_to_villager":2,"minecraft:play_time":423101,"minecraft:deaths":19,"minecraft:sneak_time":1282,"minecraft:walk_under_water_one_cm":116568,"minecraft:jump":8496,"minecraft:walk_on_water_one_cm":126356,"minecraft:total_world_time":423101,"minecraft:interact_with_furnace":31,"minecraft:traded_with_villager":2,"minecraft:sleep_in_bed":10,"minecraft:time_since_rest":12328,"minecraft:damage_taken":9256,"minecraft:damage_dealt":13372,"minecraft:swim_one_cm":318758,"minecraft:fly_one_cm":1474467,"minecraft:player_kills":4,"minecraft:open_chest":111,"minecraft:crouch_one_cm":5341,"minecraft:fall_one_cm":196975},"minecraft:dropped":{"minecraft:iron_ingot":1,"minecraft:golden_boots":1,"cobblemon:wacan_berry":1,"minecraft:porkchop":1,"minecraft:wheat_seeds":10,"minecraft:oak_log":1,"minecraft:crossbow":2,"minecraft:cobblestone":13,"minecraft:feather":2,"minecraft:granite":20,"cobblemon:verdant_ball":1,"minecraft:acacia_log":2,"minecraft:emerald":2,"minecraft:dirt":46,"cobblemon:payapa_berry":5,"minecraft:wooden_axe":1,"minecraft:string":4,"minecraft:acacia_planks":19,"minecraft:bone":2,"cobblemon:relic_coin":54,"minecraft:sugar_cane":6,"minecraft:cobbled_deepslate":64,"minecraft:stone_sword":3,"minecraft:tuff":1,"minecraft:rotten_flesh":8,"minecraft:smoker":1,"cobblemon:quick_ball":1,"minecraft:carrot":5,"minecraft:potato":1,"minecraft:oak_sapling":2,"minecraft:ladder":1,"minecraft:spider_eye":2,"minecraft:stone_pickaxe":1},"minecraft:broken":{"minecraft:wooden_pickaxe":3,"minecraft:wooden_axe":1},"minecraft:mined":{"minecraft:tuff":1,"minecraft:spruce_planks":1,"minecraft:white_bed":1,"minecraft:oak_door":1,"minecraft:nether_bricks":3,"cobblemon:apricorn_log":1,"cobblemon:payapa_berry":2,"minecraft:ladder":1,"minecraft:acacia_log":110,"minecraft:decorated_pot":5,"minecraft:soul_soil":20,"minecraft:tall_seagrass":1,"minecraft:hay_block":11,"minecraft:iron_ore":5,"minecraft:fire":2,"minecraft:andesite":1,"minecraft:oak_stairs":9,"minecraft:bone_block":10,"minecraft:stone":146,"minecraft:acacia_leaves":14,"minecraft:red_bed":1,"minecraft:kelp_plant":1,"minecraft:soul_fire":2,"minecraft:orange_terracotta":5,"minecraft:clay":6,"minecraft:crafting_table":5,"minecraft:torch":1,"minecraft:light_gray_terracotta":1,"minecraft:chest":1,"minecraft:dead_bush":2,"minecraft:nether_quartz_ore":5,"minecraft:campfire":1,"minecraft:cobblestone":3,"cobblemon:pinap_berry":5,"minecraft:copper_ore":1,"minecraft:tall_grass":26,"minecraft:oak_planks":18,"cobblemon:oran_berry":4,"minecraft:white_terracotta":1,"minecraft:red_terracotta":9,"minecraft:light_gray_wool":1,"minecraft:bee_nest":1,"minecraft:grass":173,"minecraft:oak_log":40,"minecraft:coal_ore":29,"minecraft:cocoa":1,"minecraft:sand":4,"minecraft:dirt":10,"minecraft:brown_terracotta":7,"minecraft:cracked_stone_bricks":2,"minecraft:terracotta":18,"minecraft:acacia_planks":12,"minecraft:stone_bricks":2,"minecraft:netherrack":56,"minecraft:oak_leaves":12},"minecraft:killed_by":{"minecraft:player":4,"minecraft:wither_skeleton":3,"minecraft:zombified_piglin":1,"minecraft:creeper":2,"minecraft:drowned":2,"minecraft:skeleton":1,"minecraft:zombie":5},"minecraft:used":{"minecraft:stone_sword":486,"minecraft:acacia_log":1,"minecraft:ladder":3,"minecraft:netherrack":2,"minecraft:chest":4,"minecraft:shield":101,"minecraft:white_terracotta":1,"minecraft:cooked_salmon":8,"minecraft:cooked_chicken":4,"minecraft:rotten_flesh":3,"minecraft:oak_door":1,"minecraft:dirt":13,"minecraft:mutton":2,"minecraft:acacia_sapling":1,"minecraft:wooden_axe":135,"minecraft:oak_stairs":4,"cobblemon:pink_apricorn_seed":1,"minecraft:iron_boots":2,"minecraft:stone_bricks":2,"minecraft:light_gray_wool":1,"minecraft:magma_block":2,"minecraft:beef":4,"minecraft:egg":3,"minecraft:potato":1,"minecraft:cooked_beef":8,"minecraft:acacia_planks":95,"minecraft:orange_terracotta":5,"minecraft:golden_boots":2,"minecraft:wheat_seeds":1,"minecraft:cooked_mutton":8,"minecraft:leather_leggings":1,"minecraft:stone_pickaxe":157,"minecraft:oak_planks":69,"minecraft:leather_chestplate":1,"minecraft:wooden_pickaxe":179,"minecraft:cracked_stone_bricks":2,"minecraft:salmon":5,"minecraft:terracotta":11,"minecraft:crafting_table":5,"minecraft:red_bed":1,"cobblemon:white_apricorn_seed":3,"minecraft:crossbow":2,"minecraft:white_bed":2,"minecraft:campfire":1,"minecraft:cod":1,"minecraft:wooden_hoe":1,"cobblemon:green_apricorn_seed":8,"minecraft:acacia_door":1,"minecraft:acacia_sign":2,"minecraft:melon_slice":3,"minecraft:chicken":1,"minecraft:bread":33,"minecraft:golden_leggings":1,"minecraft:stone_axe":205,"minecraft:wooden_sword":126,"minecraft:cobblestone":24,"cobblemon:red_apricorn_seed":3,"minecraft:porkchop":3,"minecraft:cooked_porkchop":14,"minecraft:bone_meal":38},"minecraft:crafted":{"minecraft:oak_door":3,"minecraft:wooden_sword":3,"minecraft:oak_planks":156,"minecraft:cooked_chicken":2,"minecraft:bone_meal":96,"cobblemon:premier_ball":8,"minecraft:iron_boots":1,"minecraft:ladder":3,"minecraft:stone_pickaxe":4,"minecraft:chest":6,"minecraft:wheat":99,"cobblemon:citrine_ball":8,"minecraft:cooked_beef":24,"minecraft:emerald":2,"minecraft:cooked_porkchop":13,"minecraft:crafting_table":2,"cobblemon:verdant_ball":72,"minecraft:wooden_pickaxe":4,"minecraft:cooked_salmon":12,"minecraft:copper_ingot":25,"minecraft:campfire":1,"cobblemon:roseate_ball":8,"minecraft:stone_axe":6,"minecraft:bread":33,"cobblemon:poke_ball":12,"minecraft:wooden_hoe":1,"minecraft:acacia_sign":3,"minecraft:shield":1,"minecraft:stick":92,"minecraft:leather_chestplate":1,"minecraft:iron_ingot":5,"minecraft:wooden_axe":3,"minecraft:stone_sword":11,"minecraft:white_bed":1,"minecraft:acacia_planks":400}},"DataVersion":3465}