{"stats":{"minecraft:crafted":{"minecraft:cherry_planks":16,"minecraft:wooden_sword":2,"minecraft:oak_planks":212,"cobblemon:slate_ball":4,"minecraft:furnace":2,"minecraft:lever":1,"cobblemon:premier_ball":8,"minecraft:iron_boots":1,"minecraft:stone_pickaxe":4,"cobblemon:azure_ball":4,"cobblemon:citrine_ball":8,"minecraft:wheat":594,"minecraft:crafting_table":2,"minecraft:wooden_pickaxe":2,"minecraft:iron_helmet":1,"minecraft:iron_sword":1,"minecraft:copper_ingot":15,"minecraft:stone_axe":2,"minecraft:bread":201,"minecraft:shield":3,"minecraft:stick":28,"minecraft:iron_ingot":17,"minecraft:iron_pickaxe":1,"minecraft:wooden_axe":2,"minecraft:stone_sword":2,"minecraft:gold_ingot":4,"minecraft:torch":4,"cobblemon:ultra_ball":16},"minecraft:killed_by":{"minecraft:pillager":1,"minecraft:skeleton":1},"minecraft:picked_up":{"minecraft:wooden_axe":3,"minecraft:crafting_table":11,"minecraft:wheat":9,"cobblemon:yellow_apricorn":40,"minecraft:wooden_pickaxe":2,"minecraft:shield":2,"minecraft:raw_copper":717,"minecraft:wooden_sword":1,"cobblemon:white_apricorn":7,"cobblemon:green_apricorn":4,"minecraft:beef":8,"cobblemon:oran_berry":253,"minecraft:iron_pickaxe":1,"minecraft:furnace":4,"minecraft:golden_helmet":1,"minecraft:raw_iron":17,"minecraft:stick":115,"minecraft:copper_ingot":11,"minecraft:torch":9,"cobblemon:nanab_berry":30,"minecraft:pointed_dripstone":1,"minecraft:cherry_log":4,"cobblemon:citrine_ball":8,"minecraft:carrot":42,"minecraft:stone_sword":1,"minecraft:light_gray_bed":1,"minecraft:rotten_flesh":4,"minecraft:hay_block":67,"minecraft:white_terracotta":1,"minecraft:mutton":36,"cobblemon:blue_apricorn":36,"minecraft:cobblestone":293,"minecraft:white_wool":21,"minecraft:pink_petals":30,"cobblemon:ultra_ball":3,"minecraft:andesite":6,"minecraft:leather":4,"minecraft:potato":36,"cobblemon:slate_ball":4,"minecraft:oak_log":61,"minecraft:yellow_bed":5,"minecraft:dirt":26,"cobblemon:pink_apricorn_seed":2,"minecraft:apple":2,"minecraft:bow":2,"cobblemon:black_apricorn":54,"minecraft:wheat_seeds":30,"minecraft:raw_gold":4,"minecraft:stone_pickaxe":2,"minecraft:iron_sword":1,"minecraft:oak_planks":91,"minecraft:book":3,"cobblemon:azure_ball":4,"cobblemon:black_apricorn_seed":3,"cobblemon:blue_apricorn_seed":2,"minecraft:dripstone_block":3,"cobblemon:premier_ball":8,"cobblemon:yellow_apricorn_seed":4,"cobblemon:pink_apricorn":16,"minecraft:stone_axe":1,"minecraft:iron_helmet":2,"minecraft:granite":2,"minecraft:emerald":3,"minecraft:bread":151,"minecraft:oak_sapling":4,"minecraft:black_wool":2,"minecraft:coal":255},"minecraft:mined":{"minecraft:cherry_log":4,"minecraft:granite":2,"minecraft:grass_block":13,"minecraft:hay_block":67,"minecraft:furnace":3,"minecraft:carrots":8,"minecraft:iron_ore":17,"minecraft:andesite":6,"minecraft:bookshelf":1,"minecraft:pointed_dripstone":1,"minecraft:potatoes":5,"minecraft:stone":158,"minecraft:glass_pane":2,"minecraft:powder_snow":21,"minecraft:torch":2,"minecraft:crafting_table":9,"cobblemon:apricorn_leaves":28,"minecraft:emerald_ore":1,"minecraft:tall_grass":9,"minecraft:copper_ore":95,"minecraft:cobblestone":8,"minecraft:oak_planks":49,"minecraft:wall_torch":4,"minecraft:pink_petals":15,"minecraft:white_terracotta":6,"minecraft:wheat":11,"minecraft:yellow_bed":2,"minecraft:grass":20,"minecraft:oak_log":61,"minecraft:coal_ore":79,"minecraft:dirt":12,"minecraft:dripstone_block":3,"minecraft:oak_leaves":3},"minecraft:used":{"minecraft:stone_sword":76,"minecraft:shield":19,"minecraft:white_terracotta":1,"minecraft:iron_sword":30,"minecraft:rotten_flesh":1,"minecraft:torch":6,"minecraft:dirt":10,"minecraft:carrot":51,"minecraft:granite":2,"minecraft:wooden_axe":67,"cobblemon:pink_apricorn_seed":2,"minecraft:iron_helmet":2,"minecraft:iron_boots":1,"minecraft:hay_block":1,"minecraft:furnace":3,"minecraft:oak_sapling":4,"minecraft:potato":2,"minecraft:light_gray_bed":1,"minecraft:wheat_seeds":24,"minecraft:stone_pickaxe":355,"minecraft:oak_planks":119,"minecraft:wooden_pickaxe":34,"minecraft:crafting_table":9,"cobblemon:black_apricorn_seed":3,"cobblemon:yellow_apricorn_seed":4,"minecraft:dripstone_block":1,"minecraft:oak_log":8,"minecraft:lever":1,"minecraft:apple":2,"minecraft:bread":37,"minecraft:iron_pickaxe":6,"minecraft:stone_axe":65,"minecraft:pink_petals":3,"minecraft:wooden_sword":11,"minecraft:cobblestone":24,"minecraft:andesite":2,"cobblemon:blue_apricorn_seed":2},"minecraft:broken":{"minecraft:golden_helmet":1,"minecraft:stone_pickaxe":2,"minecraft:wooden_axe":1},"minecraft:killed":{"minecraft:skeleton":2,"cobblemon:pokemon":1,"minecraft:sheep":13,"minecraft:zombie":6,"minecraft:cow":4},"minecraft:dropped":{"minecraft:wheat_seeds":6,"minecraft:dripstone_block":2,"minecraft:book":3,"minecraft:copper_ingot":2,"minecraft:dirt":2,"minecraft:wooden_axe":2,"minecraft:pink_petals":23,"minecraft:white_wool":1,"cobblemon:ultra_ball":9,"minecraft:raw_copper":192,"minecraft:pointed_dripstone":1,"minecraft:rotten_flesh":3,"cobblemon:nanab_berry":30,"minecraft:oak_planks":56,"minecraft:andesite":4,"minecraft:yellow_bed":1,"minecraft:wooden_pickaxe":2},"minecraft:custom":{"minecraft:interact_with_smithing_table":2,"minecraft:mob_kills":26,"minecraft:interact_with_crafting_table":35,"minecraft:bell_ring":8,"minecraft:leave_game":1,"minecraft:time_since_death":17176,"minecraft:climb_one_cm":1661,"minecraft:sprint_one_cm":464652,"minecraft:walk_one_cm":305801,"minecraft:damage_blocked_by_shield":885,"minecraft:drop":36,"minecraft:talked_to_villager":5,"minecraft:play_time":183955,"minecraft:deaths":4,"minecraft:sneak_time":693,"minecraft:walk_under_water_one_cm":34595,"minecraft:jump":4740,"minecraft:interact_with_blast_furnace":1,"minecraft:walk_on_water_one_cm":47035,"minecraft:total_world_time":183955,"minecraft:interact_with_furnace":30,"minecraft:sleep_in_bed":3,"minecraft:time_since_rest":17204,"minecraft:damage_taken":3031,"minecraft:damage_dealt":3703,"minecraft:swim_one_cm":139675,"minecraft:fly_one_cm":1029219,"minecraft:open_chest":15,"minecraft:crouch_one_cm":400,"minecraft:fall_one_cm":106723}},"DataVersion":3465}