{"stats":{"minecraft:broken":{"minecraft:stone_pickaxe":2,"minecraft:stone_axe":1,"minecraft:wooden_axe":2,"minecraft:wooden_pickaxe":3,"minecraft:golden_axe":1,"minecraft:iron_pickaxe":1},"minecraft:dropped":{"minecraft:porkchop":1,"minecraft:oak_log":1,"minecraft:crossbow":2,"cobblemon:verdant_ball":1,"minecraft:emerald":2,"minecraft:flint":1,"minecraft:dirt":46,"minecraft:bone":4,"minecraft:stone_axe":1,"minecraft:sugar_cane":6,"minecraft:cobbled_deepslate":64,"minecraft:wheat":2,"minecraft:rotten_flesh":8,"minecraft:carrot":5,"cobblemon:heal_ball":8,"minecraft:ladder":1,"minecraft:netherrack":5,"minecraft:iron_ingot":11,"minecraft:golden_boots":1,"cobblemon:wacan_berry":1,"minecraft:wheat_seeds":13,"minecraft:cobblestone":13,"minecraft:feather":2,"minecraft:granite":21,"minecraft:acacia_log":2,"minecraft:torch":1,"cobblemon:payapa_berry":5,"minecraft:wooden_axe":1,"cobblemon:sharp_beak":1,"minecraft:string":4,"minecraft:acacia_planks":147,"cobblemon:relic_coin":54,"minecraft:stone_sword":5,"minecraft:tuff":1,"minecraft:smoker":1,"cobblemon:quick_ball":1,"minecraft:name_tag":1,"minecraft:diamond_sword":1,"minecraft:potato":1,"minecraft:oak_sapling":2,"minecraft:spider_eye":2,"minecraft:stone_pickaxe":2},"minecraft:killed_by":{"minecraft:zombified_piglin":1,"minecraft:wither_skeleton":3,"minecraft:creeper":3,"minecraft:drowned":2,"minecraft:zombie":7,"minecraft:player":4,"minecraft:skeleton":2},"minecraft:picked_up":{"minecraft:wooden_axe":4,"minecraft:wheat":3,"cobblemon:red_apricorn":46,"minecraft:diamond_sword":2,"cobblemon:sport_ball":2,"minecraft:oak_stairs":16,"cobblemon:sharp_beak":2,"minecraft:string":39,"minecraft:soul_soil":29,"minecraft:raw_copper":70,"minecraft:cooked_salmon":9,"minecraft:diamond_leggings":1,"minecraft:gold_nugget":90,"minecraft:cobbled_deepslate":157,"cobblemon:white_apricorn_seed":2,"minecraft:spruce_planks":3,"minecraft:acacia_sign":1,"cobblemon:oran_berry":332,"minecraft:iron_pickaxe":2,"cobblemon:quick_ball":2,"minecraft:iron_boots":4,"minecraft:stick":165,"minecraft:brown_terracotta":7,"minecraft:torch":59,"minecraft:acacia_log":284,"minecraft:porkchop":18,"minecraft:golden_axe":1,"minecraft:diorite":14,"minecraft:orange_bed":1,"minecraft:stone_sword":18,"minecraft:rotten_flesh":57,"minecraft:light_blue_wool":1,"minecraft:white_terracotta":2,"cobblemon:verdant_ball":142,"minecraft:cod":13,"minecraft:cobblestone":749,"minecraft:magma_block":4,"minecraft:feather":11,"minecraft:cooked_beef":21,"minecraft:andesite":19,"minecraft:golden_leggings":4,"cobblemon:pinap_berry":60,"minecraft:smoker":1,"minecraft:potato":4,"cobblemon:roseate_ball":9,"minecraft:flint":5,"minecraft:tuff":6,"minecraft:lapis_lazuli":102,"minecraft:dirt":115,"minecraft:name_tag":1,"minecraft:bone":23,"minecraft:acacia_planks":419,"minecraft:bow":1,"minecraft:wheat_seeds":60,"minecraft:raw_gold":1,"cobblemon:quick_powder":1,"minecraft:oak_planks":203,"minecraft:cooked_porkchop":17,"minecraft:sand":18,"cobblemon:persim_berry":63,"minecraft:grass_block":2,"minecraft:red_terracotta":8,"minecraft:stripped_acacia_log":3,"minecraft:light_gray_terracotta":2,"minecraft:diamond":6,"cobblemon:poke_ball":20,"minecraft:crossbow":11,"minecraft:granite":21,"minecraft:bone_meal":60,"minecraft:oak_sapling":3,"minecraft:netherrack":106,"minecraft:charcoal":2,"minecraft:crafting_table":28,"minecraft:chicken":8,"minecraft:ladder":1,"minecraft:clay_ball":32,"minecraft:leather_leggings":3,"cobblemon:yellow_apricorn":4,"minecraft:wooden_pickaxe":4,"minecraft:shield":3,"minecraft:wooden_sword":2,"minecraft:red_bed":4,"minecraft:acacia_door":1,"cobblemon:white_apricorn":17,"minecraft:cracked_stone_bricks":2,"cobblemon:green_apricorn":138,"minecraft:beef":53,"cobblemon:relic_coin":54,"minecraft:light_gray_wool":2,"minecraft:sugar_cane":6,"minecraft:chest":6,"cobblemon:green_apricorn_seed":16,"minecraft:egg":6,"minecraft:raw_iron":79,"minecraft:oak_door":1,"minecraft:copper_ingot":131,"cobblemon:citrine_ball":11,"minecraft:carrot":5,"minecraft:arrow":51,"minecraft:cooked_cod":10,"minecraft:nether_bricks":3,"minecraft:diamond_boots":1,"minecraft:hay_block":55,"minecraft:gold_ingot":4,"minecraft:mutton":20,"cobblemon:blue_apricorn":4,"minecraft:white_wool":3,"minecraft:bone_block":10,"minecraft:air":0,"minecraft:salmon":40,"minecraft:leather":33,"minecraft:oak_log":104,"minecraft:golden_boots":3,"minecraft:wooden_hoe":1,"cobblemon:pink_apricorn_seed":1,"cobblemon:heal_ball":4,"minecraft:orange_terracotta":5,"minecraft:cooked_mutton":8,"minecraft:stone_bricks":5,"minecraft:iron_ingot":1,"minecraft:stone_pickaxe":14,"minecraft:cooked_chicken":9,"cobblemon:wacan_berry":3,"minecraft:acacia_sapling":2,"minecraft:soul_sand":2,"cobblemon:red_apricorn_seed":5,"cobblemon:azure_ball":7,"cobblemon:payapa_berry":5,"minecraft:quartz":5,"minecraft:gravel":10,"cobblemon:premier_ball":14,"cobblemon:pink_apricorn":17,"minecraft:white_bed":1,"minecraft:spider_eye":3,"minecraft:slime_ball":2,"minecraft:stone_axe":13,"minecraft:terracotta":18,"minecraft:black_wool":2,"minecraft:melon_seeds":3,"minecraft:coal":331,"minecraft:ender_pearl":3},"minecraft:used":{"minecraft:ladder":3,"minecraft:chest":7,"minecraft:shield":141,"minecraft:white_terracotta":1,"minecraft:rotten_flesh":22,"minecraft:iron_chestplate":1,"minecraft:soul_campfire":1,"minecraft:soul_sand":2,"minecraft:mutton":2,"minecraft:acacia_sapling":2,"minecraft:grass_block":1,"minecraft:iron_helmet":1,"minecraft:stone_bricks":2,"minecraft:magma_block":2,"minecraft:bow":2,"minecraft:furnace":2,"minecraft:cooked_cod":6,"minecraft:egg":3,"minecraft:potato":1,"minecraft:golden_boots":4,"minecraft:leather_leggings":3,"minecraft:diamond_boots":1,"minecraft:oak_planks":74,"minecraft:stone_pickaxe":463,"minecraft:ender_pearl":2,"minecraft:wooden_pickaxe":190,"minecraft:leather_chestplate":1,"minecraft:glow_berries":14,"minecraft:sand":5,"minecraft:crossbow":2,"cobblemon:green_apricorn_seed":15,"minecraft:acacia_door":3,"minecraft:melon_slice":3,"minecraft:bread":37,"minecraft:golden_helmet":1,"minecraft:diamond_sword":58,"minecraft:wooden_sword":126,"cobblemon:red_apricorn_seed":3,"minecraft:bone_meal":38,"minecraft:stone_sword":743,"minecraft:acacia_log":1,"minecraft:cooked_salmon":8,"minecraft:cooked_chicken":6,"minecraft:netherrack":10,"minecraft:oak_door":1,"minecraft:torch":67,"minecraft:dirt":24,"minecraft:wooden_axe":169,"minecraft:oak_stairs":4,"cobblemon:pink_apricorn_seed":1,"minecraft:iron_boots":3,"minecraft:light_gray_wool":1,"minecraft:beef":4,"minecraft:cooked_beef":25,"minecraft:acacia_planks":138,"minecraft:cobbled_deepslate":31,"minecraft:orange_terracotta":5,"minecraft:golden_axe":27,"minecraft:wheat_seeds":7,"minecraft:cooked_mutton":8,"minecraft:cauldron":1,"minecraft:cracked_stone_bricks":2,"minecraft:salmon":5,"minecraft:terracotta":11,"minecraft:crafting_table":11,"minecraft:red_bed":4,"minecraft:white_bed":2,"minecraft:campfire":1,"minecraft:cod":1,"cobblemon:white_apricorn_seed":5,"minecraft:wooden_hoe":7,"minecraft:acacia_sign":4,"minecraft:chicken":2,"minecraft:oak_button":1,"minecraft:iron_pickaxe":271,"minecraft:golden_leggings":2,"minecraft:stone_axe":392,"minecraft:cobblestone":90,"minecraft:porkchop":3,"minecraft:cooked_porkchop":14,"minecraft:diamond_leggings":2},"minecraft:killed":{"minecraft:spider":4,"minecraft:cod":8,"minecraft:skeleton":17,"minecraft:chicken":2,"minecraft:piglin":1,"minecraft:pig":8,"minecraft:salmon":18,"minecraft:sheep":6,"minecraft:pillager":4,"minecraft:zombie":53,"minecraft:cow":27,"minecraft:slime":3,"minecraft:horse":2,"cobblemon:pokemon":14},"minecraft:crafted":{"minecraft:oak_planks":160,"minecraft:cooked_chicken":2,"minecraft:iron_boots":2,"minecraft:bow":1,"minecraft:diamond_leggings":1,"minecraft:chest":9,"minecraft:oak_button":1,"cobblemon:azure_ball":12,"minecraft:golden_axe":1,"minecraft:emerald":2,"minecraft:soul_campfire":1,"minecraft:cooked_porkchop":13,"minecraft:crafting_table":6,"minecraft:wooden_pickaxe":5,"cobblemon:verdant_ball":100,"minecraft:iron_helmet":2,"minecraft:copper_ingot":73,"minecraft:campfire":1,"cobblemon:poke_ball":12,"minecraft:wooden_hoe":2,"minecraft:iron_chestplate":2,"minecraft:golden_leggings":1,"minecraft:shield":3,"minecraft:stick":180,"minecraft:leather_chestplate":1,"minecraft:iron_ingot":54,"minecraft:stone_sword":14,"minecraft:gold_ingot":16,"minecraft:wooden_sword":3,"minecraft:oak_door":3,"minecraft:soul_torch":4,"minecraft:furnace":2,"minecraft:bone_meal":99,"cobblemon:premier_ball":8,"minecraft:ladder":3,"minecraft:stone_pickaxe":11,"minecraft:diamond_boots":1,"minecraft:golden_helmet":1,"cobblemon:citrine_ball":8,"minecraft:wheat":99,"minecraft:cooked_beef":48,"minecraft:diamond_sword":1,"minecraft:cooked_salmon":12,"cobblemon:roseate_ball":8,"minecraft:stone_axe":10,"minecraft:bread":33,"cobblemon:heal_ball":4,"minecraft:acacia_sign":3,"minecraft:wooden_axe":3,"minecraft:white_bed":1,"minecraft:acacia_planks":944,"minecraft:torch":168},"minecraft:mined":{"minecraft:spruce_planks":1,"minecraft:white_bed":1,"cobblemon:apricorn_log":1,"cobblemon:payapa_berry":2,"minecraft:granite":1,"minecraft:acacia_log":249,"minecraft:grass_block":2,"minecraft:soul_soil":20,"minecraft:tall_seagrass":1,"minecraft:iron_ore":44,"minecraft:cobbled_deepslate":3,"minecraft:fire":5,"minecraft:oak_stairs":9,"minecraft:orange_bed":1,"minecraft:red_bed":4,"minecraft:kelp_plant":1,"minecraft:soul_fire":2,"minecraft:orange_terracotta":5,"minecraft:torch":1,"minecraft:clay":6,"cobblemon:apricorn_leaves":3,"minecraft:light_gray_terracotta":1,"minecraft:chest":1,"minecraft:dead_bush":2,"minecraft:nether_quartz_ore":5,"cobblemon:pinap_berry":5,"minecraft:cobblestone":12,"minecraft:oak_planks":29,"minecraft:wall_torch":2,"minecraft:deepslate_copper_ore":1,"minecraft:white_terracotta":1,"minecraft:light_gray_wool":1,"minecraft:grass":212,"minecraft:oak_log":63,"minecraft:sand":11,"minecraft:dirt":32,"minecraft:netherrack":66,"minecraft:oak_leaves":14,"minecraft:deepslate":64,"minecraft:nether_gold_ore":24,"minecraft:tuff":7,"minecraft:deepslate_diamond_ore":6,"minecraft:oak_door":1,"minecraft:ladder":1,"minecraft:nether_bricks":3,"minecraft:decorated_pot":5,"minecraft:hay_block":11,"minecraft:andesite":10,"minecraft:deepslate_iron_ore":18,"minecraft:stripped_acacia_log":3,"minecraft:stone":398,"minecraft:bone_block":10,"minecraft:acacia_leaves":39,"minecraft:soul_sand":2,"minecraft:crafting_table":11,"minecraft:campfire":1,"minecraft:tall_grass":36,"minecraft:copper_ore":14,"minecraft:lapis_ore":12,"minecraft:deepslate_gold_ore":1,"cobblemon:oran_berry":4,"minecraft:diorite":7,"minecraft:red_terracotta":9,"minecraft:bee_nest":1,"minecraft:coal_ore":126,"minecraft:cocoa":1,"minecraft:gravel":6,"minecraft:cobweb":19,"minecraft:brown_terracotta":7,"minecraft:cracked_stone_bricks":2,"minecraft:terracotta":18,"minecraft:acacia_planks":12,"minecraft:stone_bricks":2,"minecraft:acacia_wall_sign":1},"minecraft:custom":{"minecraft:interact_with_crafting_table":148,"minecraft:bell_ring":12,"minecraft:leave_game":9,"minecraft:time_since_death":35503,"minecraft:sprint_one_cm":1723840,"minecraft:damage_blocked_by_shield":4248,"minecraft:drop":75,"minecraft:talked_to_villager":7,"minecraft:play_time":702679,"minecraft:deaths":26,"minecraft:jump":13181,"minecraft:walk_on_water_one_cm":182580,"minecraft:enchant_item":1,"minecraft:interact_with_furnace":103,"minecraft:traded_with_villager":2,"minecraft:sleep_in_bed":10,"minecraft:damage_dealt":21351,"minecraft:player_kills":4,"minecraft:crouch_one_cm":7267,"minecraft:mob_kills":168,"minecraft:interact_with_campfire":11,"minecraft:climb_one_cm":84633,"minecraft:walk_one_cm":1589032,"minecraft:sneak_time":1811,"minecraft:walk_under_water_one_cm":165811,"minecraft:total_world_time":702679,"minecraft:time_since_rest":35535,"minecraft:damage_taken":12716,"minecraft:swim_one_cm":358028,"minecraft:fly_one_cm":2304782,"minecraft:open_chest":275,"minecraft:fall_one_cm":303144}},"DataVersion":3465}