{"stats":{"minecraft:picked_up":{"minecraft:wooden_axe":4,"minecraft:charcoal":2,"minecraft:crafting_table":20,"minecraft:wheat":1,"minecraft:chicken":7,"minecraft:ladder":1,"minecraft:clay_ball":32,"cobblemon:yellow_apricorn":4,"minecraft:leather_leggings":2,"cobblemon:red_apricorn":41,"cobblemon:sport_ball":2,"minecraft:wooden_pickaxe":3,"minecraft:oak_stairs":16,"cobblemon:sharp_beak":1,"minecraft:shield":2,"minecraft:cooked_salmon":9,"minecraft:string":23,"minecraft:red_bed":1,"minecraft:soul_soil":29,"minecraft:raw_copper":3,"minecraft:acacia_door":1,"minecraft:wooden_sword":2,"cobblemon:white_apricorn":14,"minecraft:cracked_stone_bricks":2,"minecraft:cobbled_deepslate":117,"cobblemon:green_apricorn":117,"minecraft:spruce_planks":3,"minecraft:beef":37,"cobblemon:oran_berry":332,"cobblemon:relic_coin":54,"minecraft:light_gray_wool":2,"cobblemon:quick_ball":2,"minecraft:sugar_cane":6,"minecraft:chest":6,"cobblemon:green_apricorn_seed":14,"minecraft:iron_boots":4,"minecraft:egg":6,"minecraft:raw_iron":7,"minecraft:stick":133,"minecraft:oak_door":1,"minecraft:brown_terracotta":7,"minecraft:copper_ingot":96,"minecraft:torch":5,"minecraft:acacia_log":284,"minecraft:porkchop":18,"cobblemon:citrine_ball":11,"minecraft:carrot":5,"minecraft:stone_sword":15,"minecraft:arrow":36,"minecraft:rotten_flesh":23,"minecraft:cooked_cod":6,"minecraft:light_blue_wool":1,"minecraft:nether_bricks":3,"minecraft:hay_block":55,"minecraft:white_terracotta":2,"minecraft:bone_block":10,"minecraft:mutton":20,"cobblemon:verdant_ball":101,"minecraft:cod":13,"minecraft:white_wool":3,"minecraft:cobblestone":390,"minecraft:magma_block":4,"minecraft:air":0,"minecraft:feather":11,"minecraft:andesite":1,"minecraft:salmon":40,"minecraft:leather":16,"minecraft:golden_leggings":4,"cobblemon:pinap_berry":60,"minecraft:smoker":1,"minecraft:potato":4,"cobblemon:roseate_ball":9,"minecraft:flint":3,"minecraft:tuff":1,"minecraft:oak_log":80,"minecraft:golden_boots":2,"minecraft:wooden_hoe":1,"minecraft:dirt":59,"cobblemon:pink_apricorn_seed":1,"minecraft:orange_terracotta":5,"minecraft:cooked_mutton":8,"minecraft:bone":14,"minecraft:acacia_planks":382,"minecraft:stone_bricks":5,"minecraft:raw_gold":1,"minecraft:wheat_seeds":52,"minecraft:iron_ingot":1,"minecraft:stone_pickaxe":11,"minecraft:cooked_chicken":9,"cobblemon:wacan_berry":3,"minecraft:oak_planks":192,"minecraft:acacia_sapling":2,"cobblemon:red_apricorn_seed":5,"minecraft:cooked_porkchop":17,"cobblemon:payapa_berry":5,"minecraft:quartz":5,"cobblemon:premier_ball":14,"minecraft:sand":11,"cobblemon:persim_berry":63,"cobblemon:pink_apricorn":17,"minecraft:white_bed":1,"minecraft:grass_block":1,"minecraft:red_terracotta":8,"minecraft:spider_eye":2,"minecraft:light_gray_terracotta":2,"minecraft:slime_ball":2,"minecraft:diamond":4,"minecraft:stone_axe":11,"cobblemon:poke_ball":20,"minecraft:crossbow":11,"minecraft:granite":20,"minecraft:bone_meal":60,"minecraft:terracotta":18,"minecraft:netherrack":93,"minecraft:oak_sapling":3,"minecraft:melon_seeds":3,"minecraft:black_wool":2,"minecraft:coal":225},"minecraft:killed":{"minecraft:spider":3,"minecraft:cod":8,"minecraft:slime":3,"minecraft:skeleton":7,"minecraft:chicken":2,"minecraft:piglin":1,"minecraft:pig":8,"cobblemon:pokemon":10,"minecraft:salmon":18,"minecraft:sheep":6,"minecraft:pillager":4,"minecraft:zombie":15,"minecraft:cow":20},"minecraft:custom":{"minecraft:mob_kills":106,"minecraft:interact_with_crafting_table":84,"minecraft:interact_with_campfire":11,"minecraft:bell_ring":12,"minecraft:leave_game":5,"minecraft:time_since_death":52372,"minecraft:climb_one_cm":45840,"minecraft:sprint_one_cm":1224474,"minecraft:walk_one_cm":1212836,"minecraft:damage_blocked_by_shield":1988,"minecraft:drop":59,"minecraft:talked_to_villager":2,"minecraft:play_time":476120,"minecraft:deaths":20,"minecraft:sneak_time":1291,"minecraft:walk_under_water_one_cm":122523,"minecraft:jump":9497,"minecraft:walk_on_water_one_cm":130792,"minecraft:total_world_time":476120,"minecraft:interact_with_furnace":40,"minecraft:traded_with_villager":2,"minecraft:sleep_in_bed":10,"minecraft:time_since_rest":52399,"minecraft:damage_taken":9687,"minecraft:damage_dealt":15120,"minecraft:swim_one_cm":325955,"minecraft:fly_one_cm":1660021,"minecraft:player_kills":4,"minecraft:open_chest":138,"minecraft:crouch_one_cm":5418,"minecraft:fall_one_cm":217072},"minecraft:dropped":{"minecraft:golden_boots":1,"minecraft:iron_ingot":11,"cobblemon:wacan_berry":1,"minecraft:porkchop":1,"minecraft:wheat_seeds":13,"minecraft:oak_log":1,"minecraft:crossbow":2,"minecraft:cobblestone":13,"minecraft:feather":2,"minecraft:granite":20,"cobblemon:verdant_ball":1,"minecraft:acacia_log":2,"minecraft:emerald":2,"minecraft:dirt":46,"minecraft:torch":1,"cobblemon:payapa_berry":5,"minecraft:wooden_axe":1,"minecraft:string":4,"minecraft:acacia_planks":147,"minecraft:bone":2,"cobblemon:relic_coin":54,"minecraft:sugar_cane":6,"minecraft:stone_sword":3,"minecraft:cobbled_deepslate":64,"minecraft:tuff":1,"minecraft:rotten_flesh":8,"minecraft:name_tag":1,"minecraft:smoker":1,"cobblemon:quick_ball":1,"minecraft:carrot":5,"minecraft:potato":1,"minecraft:oak_sapling":2,"minecraft:ladder":1,"minecraft:spider_eye":2,"minecraft:stone_pickaxe":1},"minecraft:broken":{"minecraft:wooden_pickaxe":3,"minecraft:stone_pickaxe":1,"minecraft:stone_axe":1,"minecraft:wooden_axe":2},"minecraft:mined":{"minecraft:white_bed":1,"minecraft:tuff":1,"minecraft:spruce_planks":1,"minecraft:deepslate_diamond_ore":4,"minecraft:oak_door":1,"cobblemon:apricorn_log":1,"minecraft:nether_bricks":3,"minecraft:ladder":1,"cobblemon:payapa_berry":2,"minecraft:acacia_log":249,"minecraft:decorated_pot":5,"minecraft:soul_soil":20,"minecraft:hay_block":11,"minecraft:tall_seagrass":1,"minecraft:iron_ore":5,"minecraft:fire":2,"minecraft:cobbled_deepslate":3,"minecraft:andesite":1,"minecraft:oak_stairs":9,"minecraft:stone":240,"minecraft:bone_block":10,"minecraft:acacia_leaves":39,"minecraft:red_bed":1,"minecraft:kelp_plant":1,"minecraft:soul_fire":2,"minecraft:orange_terracotta":5,"minecraft:clay":6,"minecraft:crafting_table":5,"minecraft:light_gray_terracotta":1,"minecraft:torch":1,"minecraft:chest":1,"minecraft:dead_bush":2,"minecraft:deepslate_gold_ore":1,"minecraft:campfire":1,"cobblemon:pinap_berry":5,"minecraft:nether_quartz_ore":5,"minecraft:copper_ore":1,"minecraft:tall_grass":26,"minecraft:cobblestone":3,"minecraft:oak_planks":19,"cobblemon:oran_berry":4,"minecraft:wall_torch":1,"minecraft:white_terracotta":1,"minecraft:red_terracotta":9,"minecraft:light_gray_wool":1,"minecraft:bee_nest":1,"minecraft:grass":194,"minecraft:coal_ore":47,"minecraft:oak_log":41,"minecraft:cocoa":1,"minecraft:sand":4,"minecraft:dirt":10,"minecraft:cobweb":19,"minecraft:brown_terracotta":7,"minecraft:cracked_stone_bricks":2,"minecraft:terracotta":18,"minecraft:acacia_planks":12,"minecraft:stone_bricks":2,"minecraft:netherrack":56,"minecraft:oak_leaves":12,"minecraft:deepslate":34},"minecraft:killed_by":{"minecraft:player":4,"minecraft:zombified_piglin":1,"minecraft:wither_skeleton":3,"minecraft:creeper":2,"minecraft:drowned":2,"minecraft:skeleton":2,"minecraft:zombie":5},"minecraft:crafted":{"minecraft:wooden_sword":3,"minecraft:oak_door":3,"minecraft:oak_planks":160,"minecraft:cooked_chicken":2,"minecraft:furnace":2,"minecraft:bone_meal":99,"cobblemon:premier_ball":8,"minecraft:bow":1,"minecraft:iron_boots":1,"minecraft:ladder":3,"minecraft:stone_pickaxe":6,"minecraft:chest":6,"minecraft:wheat":99,"cobblemon:citrine_ball":8,"minecraft:cooked_beef":24,"minecraft:golden_axe":1,"minecraft:emerald":2,"minecraft:cooked_porkchop":13,"minecraft:crafting_table":2,"minecraft:wooden_pickaxe":4,"cobblemon:verdant_ball":72,"minecraft:cooked_salmon":12,"minecraft:copper_ingot":25,"minecraft:campfire":1,"cobblemon:roseate_ball":8,"minecraft:stone_axe":8,"minecraft:bread":33,"cobblemon:poke_ball":12,"minecraft:wooden_hoe":1,"minecraft:acacia_sign":3,"minecraft:shield":2,"minecraft:stick":92,"minecraft:iron_ingot":16,"minecraft:leather_chestplate":1,"minecraft:wooden_axe":3,"minecraft:stone_sword":11,"minecraft:gold_ingot":3,"minecraft:white_bed":1,"minecraft:acacia_planks":944,"minecraft:torch":24},"minecraft:used":{"minecraft:stone_sword":561,"minecraft:acacia_log":1,"minecraft:ladder":3,"minecraft:cooked_salmon":8,"minecraft:chest":4,"minecraft:white_terracotta":1,"minecraft:shield":101,"minecraft:cooked_chicken":6,"minecraft:rotten_flesh":20,"minecraft:netherrack":2,"minecraft:oak_door":1,"minecraft:torch":24,"minecraft:dirt":13,"minecraft:mutton":2,"minecraft:acacia_sapling":2,"minecraft:wooden_axe":169,"minecraft:oak_stairs":4,"cobblemon:pink_apricorn_seed":1,"minecraft:iron_boots":2,"minecraft:stone_bricks":2,"minecraft:light_gray_wool":1,"minecraft:magma_block":2,"minecraft:beef":4,"minecraft:furnace":2,"minecraft:golden_axe":4,"minecraft:orange_terracotta":5,"minecraft:egg":3,"minecraft:potato":1,"minecraft:cooked_beef":8,"minecraft:cobbled_deepslate":28,"minecraft:acacia_planks":95,"minecraft:golden_boots":3,"minecraft:wheat_seeds":1,"minecraft:cooked_mutton":8,"minecraft:leather_leggings":2,"minecraft:oak_planks":73,"minecraft:stone_pickaxe":304,"minecraft:wooden_pickaxe":179,"minecraft:leather_chestplate":1,"minecraft:cracked_stone_bricks":2,"minecraft:salmon":5,"minecraft:glow_berries":6,"minecraft:terracotta":11,"minecraft:white_bed":2,"minecraft:crafting_table":5,"minecraft:crossbow":2,"minecraft:red_bed":1,"minecraft:campfire":1,"cobblemon:white_apricorn_seed":3,"minecraft:cod":1,"cobblemon:green_apricorn_seed":8,"minecraft:wooden_hoe":1,"minecraft:acacia_sign":3,"minecraft:acacia_door":3,"minecraft:chicken":1,"minecraft:melon_slice":3,"minecraft:bread":33,"minecraft:iron_pickaxe":7,"minecraft:golden_leggings":1,"minecraft:stone_axe":357,"minecraft:wooden_sword":126,"minecraft:cobblestone":28,"cobblemon:red_apricorn_seed":3,"minecraft:porkchop":3,"minecraft:cooked_porkchop":14,"minecraft:bone_meal":38}},"DataVersion":3465}