{"stats":{"minecraft:picked_up":{"minecraft:wooden_axe":4,"minecraft:wheat":14,"minecraft:lead":2,"cobblemon:red_apricorn":63,"minecraft:diamond_sword":2,"cobblemon:sport_ball":2,"minecraft:oak_stairs":16,"minecraft:stone_brick_stairs":2,"cobblemon:sharp_beak":2,"minecraft:string":39,"minecraft:soul_soil":29,"minecraft:raw_copper":75,"minecraft:cooked_salmon":9,"minecraft:cobbled_deepslate":170,"minecraft:diamond_leggings":1,"minecraft:gold_nugget":91,"cobblemon:white_apricorn_seed":2,"minecraft:spruce_planks":3,"minecraft:acacia_sign":1,"cobblemon:oran_berry":332,"minecraft:iron_pickaxe":2,"cobblemon:quick_ball":2,"minecraft:melon_slice":104,"minecraft:iron_boots":4,"minecraft:stick":165,"minecraft:brown_terracotta":7,"minecraft:torch":64,"minecraft:acacia_log":284,"minecraft:porkchop":18,"minecraft:golden_axe":1,"minecraft:diorite":15,"minecraft:cauldron":1,"minecraft:orange_bed":2,"minecraft:stone_sword":19,"minecraft:rotten_flesh":81,"minecraft:light_blue_wool":1,"minecraft:white_terracotta":2,"cobblemon:verdant_ball":149,"minecraft:cod":13,"minecraft:cobblestone":1000,"minecraft:magma_block":4,"cobblemon:great_ball":1,"minecraft:feather":13,"minecraft:cooked_beef":21,"minecraft:jungle_log":28,"minecraft:andesite":24,"minecraft:golden_leggings":4,"cobblemon:pinap_berry":60,"minecraft:smoker":1,"minecraft:potato":4,"cobblemon:roseate_ball":9,"minecraft:flint":5,"minecraft:tuff":6,"minecraft:lapis_lazuli":102,"minecraft:dirt":121,"minecraft:name_tag":1,"cobblemon:passho_berry":1,"minecraft:bone":24,"minecraft:acacia_planks":421,"minecraft:bow":1,"minecraft:wheat_seeds":94,"minecraft:raw_gold":1,"cobblemon:quick_powder":1,"minecraft:mossy_stone_bricks":10,"minecraft:oak_planks":203,"minecraft:cooked_porkchop":17,"minecraft:sand":18,"cobblemon:persim_berry":63,"minecraft:grass_block":2,"minecraft:red_terracotta":8,"minecraft:light_gray_terracotta":2,"minecraft:stripped_acacia_log":3,"minecraft:polished_andesite":1,"minecraft:diamond":6,"cobblemon:poke_ball":20,"minecraft:soul_lantern":1,"minecraft:crossbow":11,"minecraft:granite":23,"minecraft:bone_meal":60,"minecraft:oak_sapling":6,"minecraft:netherrack":106,"minecraft:dark_oak_fence":1,"minecraft:cocoa_beans":9,"minecraft:charcoal":2,"minecraft:crafting_table":32,"minecraft:chicken":11,"minecraft:ladder":1,"minecraft:clay_ball":32,"cobblemon:yellow_apricorn":4,"minecraft:leather_leggings":3,"minecraft:wooden_pickaxe":5,"minecraft:shield":3,"minecraft:red_bed":4,"minecraft:acacia_door":1,"minecraft:wooden_sword":2,"cobblemon:white_apricorn":17,"minecraft:cracked_stone_bricks":6,"cobblemon:green_apricorn":158,"minecraft:beef":61,"cobblemon:relic_coin":96,"minecraft:light_gray_wool":2,"minecraft:sugar_cane":29,"minecraft:chest":6,"cobblemon:green_apricorn_seed":20,"minecraft:egg":9,"minecraft:raw_iron":98,"minecraft:oak_door":1,"minecraft:copper_ingot":131,"cobblemon:citrine_ball":11,"minecraft:carrot":5,"minecraft:tnt":1,"minecraft:arrow":53,"minecraft:cooked_cod":10,"minecraft:nether_bricks":3,"minecraft:diamond_boots":1,"minecraft:hay_block":69,"minecraft:gold_ingot":4,"minecraft:mutton":24,"cobblemon:blue_apricorn":8,"minecraft:bone_block":39,"minecraft:white_wool":5,"minecraft:air":0,"minecraft:salmon":40,"minecraft:leather":38,"minecraft:oak_log":113,"minecraft:golden_boots":3,"minecraft:cobblestone_stairs":2,"minecraft:wooden_hoe":1,"cobblemon:pink_apricorn_seed":1,"cobblemon:heal_ball":4,"minecraft:orange_terracotta":5,"minecraft:cooked_mutton":8,"minecraft:stone_bricks":17,"minecraft:iron_ingot":1,"minecraft:stone_pickaxe":15,"minecraft:cooked_chicken":9,"cobblemon:wacan_berry":3,"minecraft:polished_andesite_slab":1,"minecraft:acacia_sapling":2,"minecraft:soul_sand":2,"cobblemon:azure_ball":8,"cobblemon:red_apricorn_seed":9,"minecraft:chiseled_stone_bricks":2,"cobblemon:payapa_berry":5,"minecraft:stone_brick_slab":3,"minecraft:quartz":5,"minecraft:gravel":10,"cobblemon:premier_ball":14,"cobblemon:pink_apricorn":17,"minecraft:white_bed":2,"minecraft:mossy_stone_brick_slab":2,"minecraft:spider_eye":4,"minecraft:slime_ball":2,"minecraft:stone_axe":13,"minecraft:terracotta":18,"minecraft:melon_seeds":3,"minecraft:black_wool":2,"minecraft:coal":353,"minecraft:ender_pearl":3},"minecraft:killed":{"minecraft:zombified_piglin":1,"minecraft:spider":4,"minecraft:cod":8,"minecraft:skeleton":20,"minecraft:chicken":4,"minecraft:piglin":1,"minecraft:pig":8,"minecraft:salmon":19,"minecraft:creeper":1,"minecraft:sheep":8,"minecraft:pillager":6,"minecraft:zombie":61,"minecraft:cow":31,"minecraft:slime":3,"minecraft:phantom":2,"minecraft:horse":2,"cobblemon:pokemon":16},"minecraft:custom":{"minecraft:interact_with_crafting_table":177,"minecraft:open_barrel":2,"minecraft:bell_ring":12,"minecraft:leave_game":14,"minecraft:time_since_death":77608,"minecraft:sprint_one_cm":2154314,"minecraft:damage_blocked_by_shield":5618,"minecraft:drop":105,"minecraft:talked_to_villager":13,"minecraft:play_time":864643,"minecraft:deaths":27,"minecraft:jump":16291,"minecraft:interact_with_brewingstand":1,"minecraft:walk_on_water_one_cm":217237,"minecraft:enchant_item":2,"minecraft:interact_with_furnace":134,"minecraft:traded_with_villager":4,"minecraft:sleep_in_bed":11,"minecraft:damage_dealt":24711,"minecraft:player_kills":4,"minecraft:crouch_one_cm":7521,"minecraft:mob_kills":196,"minecraft:interact_with_campfire":11,"minecraft:climb_one_cm":107916,"minecraft:walk_one_cm":1890545,"minecraft:sneak_time":2130,"minecraft:walk_under_water_one_cm":228374,"minecraft:total_world_time":864643,"minecraft:time_since_rest":63307,"minecraft:damage_taken":14062,"minecraft:swim_one_cm":442784,"minecraft:fly_one_cm":2861073,"minecraft:open_chest":360,"minecraft:fall_one_cm":367040},"minecraft:dropped":{"minecraft:porkchop":1,"minecraft:oak_log":3,"minecraft:crossbow":2,"cobblemon:verdant_ball":1,"minecraft:cracked_stone_bricks":3,"minecraft:sentry_armor_trim_smithing_template":2,"minecraft:flint":1,"minecraft:emerald":2,"minecraft:cobblestone_stairs":1,"minecraft:dirt":48,"minecraft:bone":4,"minecraft:stone_axe":1,"minecraft:sugar_cane":6,"minecraft:polished_andesite_slab":1,"minecraft:cobbled_deepslate":64,"minecraft:wheat":2,"minecraft:soul_lantern":1,"minecraft:rotten_flesh":22,"minecraft:mossy_stone_brick_slab":2,"minecraft:carrot":5,"minecraft:chiseled_stone_bricks":2,"cobblemon:heal_ball":8,"minecraft:ladder":1,"minecraft:stone_brick_stairs":2,"minecraft:netherrack":5,"minecraft:iron_ingot":11,"minecraft:golden_boots":1,"minecraft:bread":1,"cobblemon:wacan_berry":1,"minecraft:wheat_seeds":34,"minecraft:tnt":1,"minecraft:cobblestone":13,"minecraft:feather":2,"minecraft:granite":21,"minecraft:acacia_log":2,"minecraft:polished_andesite":1,"minecraft:torch":1,"cobblemon:payapa_berry":5,"minecraft:wooden_axe":1,"cobblemon:sharp_beak":1,"minecraft:string":4,"minecraft:acacia_planks":147,"minecraft:stone_brick_slab":3,"cobblemon:relic_coin":54,"minecraft:stone_sword":6,"minecraft:tuff":1,"minecraft:chicken":1,"minecraft:smoker":1,"cobblemon:quick_ball":1,"minecraft:name_tag":1,"minecraft:diamond_sword":1,"minecraft:potato":1,"minecraft:mossy_stone_bricks":10,"minecraft:oak_sapling":2,"minecraft:spider_eye":4,"minecraft:stone_bricks":11,"minecraft:stone_pickaxe":3,"minecraft:wooden_pickaxe":1},"minecraft:broken":{"minecraft:stone_pickaxe":4,"minecraft:stone_axe":1,"minecraft:wooden_axe":2,"minecraft:wooden_pickaxe":3,"minecraft:golden_axe":1,"minecraft:iron_pickaxe":1},"minecraft:mined":{"minecraft:spruce_planks":1,"minecraft:white_bed":2,"minecraft:mossy_stone_brick_slab":1,"minecraft:cobblestone_stairs":1,"minecraft:jungle_leaves":5,"cobblemon:apricorn_log":1,"cobblemon:payapa_berry":2,"minecraft:granite":3,"minecraft:acacia_log":249,"minecraft:grass_block":3,"minecraft:jungle_log":28,"minecraft:soul_soil":20,"minecraft:tall_seagrass":1,"minecraft:iron_ore":63,"minecraft:cobbled_deepslate":3,"minecraft:fire":5,"minecraft:water_cauldron":1,"minecraft:oak_stairs":9,"minecraft:orange_bed":2,"minecraft:red_bed":4,"minecraft:kelp_plant":1,"minecraft:soul_fire":2,"minecraft:orange_terracotta":5,"minecraft:torch":1,"minecraft:clay":6,"cobblemon:apricorn_leaves":3,"minecraft:light_gray_terracotta":1,"minecraft:melon":19,"minecraft:chest":1,"minecraft:dead_bush":2,"minecraft:nether_quartz_ore":5,"cobblemon:pinap_berry":5,"minecraft:cobblestone":18,"minecraft:sugar_cane":9,"minecraft:oak_planks":29,"minecraft:wall_torch":6,"minecraft:deepslate_copper_ore":1,"minecraft:white_terracotta":1,"minecraft:wheat":14,"minecraft:light_gray_wool":1,"minecraft:stone_brick_stairs":1,"minecraft:grass":251,"minecraft:oak_log":72,"minecraft:sand":11,"minecraft:dirt":37,"minecraft:netherrack":66,"minecraft:oak_leaves":20,"minecraft:deepslate":77,"minecraft:nether_gold_ore":24,"minecraft:tuff":7,"minecraft:deepslate_diamond_ore":6,"minecraft:oak_door":1,"minecraft:ladder":1,"minecraft:nether_bricks":3,"minecraft:dark_oak_fence":5,"minecraft:decorated_pot":5,"minecraft:polished_andesite_slab":1,"minecraft:hay_block":25,"minecraft:andesite":15,"minecraft:deepslate_iron_ore":18,"minecraft:vine":10,"minecraft:stripped_acacia_log":3,"minecraft:stone":643,"minecraft:bone_block":39,"minecraft:acacia_leaves":39,"minecraft:soul_sand":2,"minecraft:stone_brick_slab":3,"minecraft:crafting_table":15,"minecraft:campfire":1,"minecraft:tall_grass":41,"minecraft:copper_ore":16,"minecraft:lapis_ore":12,"minecraft:deepslate_gold_ore":1,"cobblemon:oran_berry":4,"minecraft:diorite":8,"minecraft:red_terracotta":9,"minecraft:bee_nest":1,"minecraft:coal_ore":148,"minecraft:cocoa":4,"minecraft:gravel":6,"minecraft:cobweb":19,"minecraft:brown_terracotta":7,"minecraft:cracked_stone_bricks":5,"minecraft:terracotta":18,"minecraft:acacia_planks":14,"minecraft:stone_bricks":13,"minecraft:mossy_stone_bricks":9,"minecraft:acacia_wall_sign":1,"minecraft:fern":4},"minecraft:killed_by":{"minecraft:zombified_piglin":1,"minecraft:wither_skeleton":3,"minecraft:creeper":3,"minecraft:drowned":2,"minecraft:zombie":7,"minecraft:player":4,"minecraft:skeleton":3},"minecraft:used":{"minecraft:ladder":3,"minecraft:chest":7,"minecraft:shield":165,"minecraft:white_terracotta":1,"minecraft:rotten_flesh":25,"minecraft:iron_chestplate":1,"minecraft:soul_campfire":1,"minecraft:soul_sand":2,"minecraft:mutton":4,"minecraft:acacia_sapling":2,"minecraft:grass_block":1,"minecraft:iron_helmet":3,"minecraft:stone_bricks":3,"minecraft:magma_block":2,"minecraft:bow":2,"minecraft:oak_sapling":3,"minecraft:furnace":2,"minecraft:cooked_cod":6,"minecraft:egg":6,"minecraft:potato":1,"minecraft:golden_boots":5,"minecraft:leather_leggings":3,"minecraft:diamond_boots":1,"minecraft:oak_planks":74,"minecraft:stone_pickaxe":800,"minecraft:ender_pearl":2,"minecraft:wooden_pickaxe":242,"minecraft:leather_chestplate":2,"minecraft:sugar_cane":1,"minecraft:glow_berries":14,"minecraft:sand":5,"minecraft:crossbow":2,"cobblemon:green_apricorn_seed":19,"minecraft:acacia_door":3,"minecraft:melon_slice":4,"minecraft:bread":59,"minecraft:golden_helmet":1,"minecraft:diamond_sword":101,"minecraft:wooden_sword":159,"cobblemon:red_apricorn_seed":7,"minecraft:dark_oak_fence":1,"minecraft:bone_meal":46,"minecraft:stone_sword":771,"minecraft:acacia_log":1,"minecraft:cooked_salmon":8,"minecraft:cooked_chicken":8,"minecraft:netherrack":10,"minecraft:oak_door":1,"minecraft:orange_bed":1,"minecraft:torch":92,"minecraft:dirt":25,"minecraft:wooden_axe":169,"minecraft:oak_stairs":4,"cobblemon:pink_apricorn_seed":1,"minecraft:iron_boots":5,"minecraft:light_gray_wool":1,"minecraft:beef":4,"minecraft:orange_terracotta":5,"minecraft:cooked_beef":29,"minecraft:cobbled_deepslate":44,"minecraft:acacia_planks":138,"minecraft:golden_axe":27,"minecraft:iron_leggings":2,"minecraft:wheat_seeds":19,"minecraft:cooked_mutton":10,"minecraft:cobblestone_stairs":1,"minecraft:cauldron":2,"minecraft:cracked_stone_bricks":3,"minecraft:salmon":5,"minecraft:terracotta":11,"minecraft:crafting_table":14,"minecraft:red_bed":4,"minecraft:white_bed":2,"minecraft:campfire":1,"minecraft:cod":1,"cobblemon:white_apricorn_seed":5,"minecraft:oak_log":1,"minecraft:wooden_hoe":7,"minecraft:acacia_sign":4,"minecraft:chicken":2,"minecraft:oak_button":1,"minecraft:iron_pickaxe":271,"minecraft:golden_leggings":2,"minecraft:stone_axe":496,"minecraft:cobblestone":192,"minecraft:porkchop":3,"minecraft:cooked_porkchop":14,"minecraft:diamond_leggings":2},"minecraft:crafted":{"minecraft:oak_planks":280,"minecraft:cooked_chicken":4,"minecraft:oak_pressure_plate":3,"minecraft:cooked_mutton":2,"minecraft:bow":1,"minecraft:diamond_leggings":1,"minecraft:iron_boots":3,"minecraft:chest":9,"minecraft:oak_button":1,"cobblemon:azure_ball":12,"minecraft:golden_boots":1,"minecraft:golden_axe":1,"minecraft:emerald":4,"minecraft:soul_campfire":1,"minecraft:cooked_porkchop":13,"minecraft:crafting_table":7,"cobblemon:verdant_ball":120,"minecraft:wooden_pickaxe":5,"minecraft:iron_helmet":3,"minecraft:copper_ingot":78,"minecraft:campfire":1,"cobblemon:poke_ball":16,"minecraft:iron_chestplate":2,"minecraft:wooden_hoe":2,"minecraft:golden_leggings":1,"minecraft:shield":4,"minecraft:stick":416,"minecraft:leather_chestplate":2,"minecraft:iron_ingot":74,"minecraft:stone_sword":15,"minecraft:gold_ingot":19,"minecraft:wooden_sword":3,"minecraft:oak_door":3,"minecraft:soul_torch":4,"minecraft:furnace":2,"minecraft:bone_meal":363,"cobblemon:premier_ball":8,"minecraft:ladder":3,"minecraft:stone_pickaxe":14,"minecraft:diamond_boots":1,"minecraft:golden_helmet":1,"cobblemon:citrine_ball":8,"minecraft:wheat":225,"minecraft:cooked_beef":56,"minecraft:diamond_sword":1,"minecraft:cooked_salmon":12,"cobblemon:roseate_ball":8,"minecraft:stone_axe":11,"minecraft:bread":78,"cobblemon:heal_ball":4,"minecraft:acacia_sign":3,"minecraft:wooden_axe":3,"minecraft:iron_leggings":1,"minecraft:white_bed":1,"minecraft:acacia_planks":944,"minecraft:torch":200,"cobblemon:great_ball":8}},"DataVersion":3465}