{"stats":{"minecraft:killed":{"minecraft:pig":5,"cobblemon:pokemon":8,"minecraft:salmon":9,"minecraft:spider":1,"minecraft:sheep":6,"minecraft:zombie":4,"minecraft:cow":1},"minecraft:killed_by":{"minecraft:skeleton":1,"minecraft:creeper":1,"minecraft:zombie":2,"minecraft:drowned":1},"minecraft:custom":{"minecraft:mob_kills":34,"minecraft:interact_with_crafting_table":15,"minecraft:interact_with_campfire":3,"minecraft:leave_game":1,"minecraft:time_since_death":11791,"minecraft:climb_one_cm":4487,"minecraft:time_since_rest":11818,"minecraft:sprint_one_cm":134876,"minecraft:damage_taken":1670,"minecraft:walk_one_cm":341474,"minecraft:drop":9,"minecraft:damage_dealt":4417,"minecraft:swim_one_cm":55316,"minecraft:fly_one_cm":105379,"minecraft:open_chest":12,"minecraft:crouch_one_cm":3197,"minecraft:play_time":81444,"minecraft:deaths":5,"minecraft:sneak_time":799,"minecraft:walk_under_water_one_cm":44608,"minecraft:jump":1415,"minecraft:walk_on_water_one_cm":31921,"minecraft:total_world_time":81444,"minecraft:fall_one_cm":26472},"minecraft:dropped":{"cobblemon:wacan_berry":1,"minecraft:stone_sword":1,"cobblemon:quick_ball":1,"cobblemon:verdant_ball":1,"minecraft:acacia_log":2,"minecraft:wooden_axe":1,"minecraft:acacia_planks":2},"minecraft:mined":{"minecraft:acacia_leaves":6,"minecraft:crafting_table":3,"cobblemon:payapa_berry":2,"minecraft:torch":1,"minecraft:acacia_log":88,"minecraft:tall_grass":11,"cobblemon:oran_berry":4,"minecraft:light_gray_wool":1,"minecraft:grass":129,"minecraft:coal_ore":4,"minecraft:dirt":10,"minecraft:stone":96,"minecraft:oak_leaves":2},"minecraft:broken":{"minecraft:wooden_axe":1,"minecraft:wooden_pickaxe":1},"minecraft:used":{"minecraft:wheat_seeds":1,"minecraft:stone_sword":135,"minecraft:acacia_log":1,"minecraft:wooden_pickaxe":103,"minecraft:cooked_chicken":2,"minecraft:rotten_flesh":1,"minecraft:dirt":10,"minecraft:crafting_table":3,"minecraft:campfire":1,"cobblemon:green_apricorn_seed":2,"minecraft:wooden_axe":124,"minecraft:wooden_hoe":1,"minecraft:stone_axe":52,"minecraft:light_gray_wool":1,"minecraft:wooden_sword":98,"minecraft:cobblestone":3,"minecraft:cooked_porkchop":1},"minecraft:crafted":{"minecraft:wooden_sword":1,"minecraft:crafting_table":2,"minecraft:wooden_pickaxe":2,"minecraft:campfire":1,"minecraft:stone_axe":2,"minecraft:wooden_hoe":1,"minecraft:stick":40,"minecraft:stone_pickaxe":1,"minecraft:wooden_axe":3,"minecraft:stone_sword":2,"minecraft:chest":2,"minecraft:acacia_planks":252},"minecraft:picked_up":{"minecraft:wooden_axe":3,"minecraft:crafting_table":6,"minecraft:air":0,"minecraft:feather":9,"minecraft:chicken":2,"minecraft:salmon":7,"cobblemon:red_apricorn":5,"minecraft:wooden_pickaxe":2,"minecraft:wooden_hoe":1,"minecraft:dirt":10,"minecraft:wooden_sword":2,"minecraft:acacia_planks":152,"minecraft:stone_bricks":2,"minecraft:wheat_seeds":31,"minecraft:cobbled_deepslate":1,"cobblemon:green_apricorn":12,"minecraft:beef":3,"minecraft:cooked_chicken":5,"cobblemon:oran_berry":35,"minecraft:stone_pickaxe":1,"minecraft:light_gray_wool":2,"cobblemon:quick_ball":2,"cobblemon:wacan_berry":3,"minecraft:chest":2,"cobblemon:green_apricorn_seed":3,"cobblemon:red_apricorn_seed":1,"minecraft:stick":17,"minecraft:cooked_porkchop":1,"cobblemon:payapa_berry":5,"minecraft:torch":2,"minecraft:acacia_log":112,"minecraft:porkchop":11,"cobblemon:pink_apricorn":6,"minecraft:stone_sword":4,"minecraft:rotten_flesh":7,"minecraft:light_blue_wool":1,"minecraft:stone_axe":3,"minecraft:oak_sapling":1,"minecraft:black_wool":2,"minecraft:mutton":10,"cobblemon:verdant_ball":12,"minecraft:coal":7,"minecraft:white_wool":3,"minecraft:cobblestone":178}},"DataVersion":3465}