{"stats":{"minecraft:picked_up":{"minecraft:wooden_axe":3,"minecraft:leather_leggings":1,"minecraft:charcoal":2,"minecraft:crafting_table":20,"minecraft:wheat":1,"minecraft:chicken":7,"minecraft:ladder":1,"minecraft:clay_ball":32,"cobblemon:yellow_apricorn":4,"cobblemon:red_apricorn":37,"cobblemon:sport_ball":2,"minecraft:wooden_pickaxe":2,"minecraft:oak_stairs":16,"cobblemon:sharp_beak":1,"minecraft:shield":2,"minecraft:acacia_door":1,"minecraft:string":4,"minecraft:red_bed":1,"minecraft:raw_copper":3,"minecraft:cooked_salmon":9,"minecraft:wooden_sword":2,"cobblemon:white_apricorn":14,"minecraft:cracked_stone_bricks":2,"minecraft:cobbled_deepslate":80,"cobblemon:green_apricorn":79,"minecraft:spruce_planks":3,"minecraft:beef":29,"cobblemon:oran_berry":332,"cobblemon:relic_coin":54,"minecraft:light_gray_wool":2,"cobblemon:quick_ball":2,"minecraft:sugar_cane":6,"minecraft:chest":5,"cobblemon:green_apricorn_seed":7,"minecraft:iron_boots":4,"minecraft:egg":6,"minecraft:stick":105,"minecraft:raw_iron":7,"minecraft:oak_door":1,"minecraft:copper_ingot":96,"minecraft:brown_terracotta":7,"minecraft:torch":4,"minecraft:acacia_log":141,"minecraft:porkchop":18,"minecraft:carrot":5,"cobblemon:citrine_ball":11,"minecraft:stone_sword":14,"minecraft:arrow":34,"minecraft:cooked_cod":6,"minecraft:rotten_flesh":17,"minecraft:light_blue_wool":1,"minecraft:hay_block":55,"minecraft:white_terracotta":2,"minecraft:mutton":20,"cobblemon:verdant_ball":92,"minecraft:cod":13,"minecraft:white_wool":3,"minecraft:cobblestone":260,"minecraft:magma_block":2,"minecraft:air":0,"minecraft:feather":11,"minecraft:andesite":1,"minecraft:salmon":40,"minecraft:leather":10,"minecraft:golden_leggings":4,"cobblemon:pinap_berry":60,"minecraft:smoker":1,"minecraft:potato":4,"cobblemon:roseate_ball":8,"minecraft:flint":3,"minecraft:tuff":1,"minecraft:oak_log":79,"minecraft:golden_boots":1,"minecraft:wooden_hoe":1,"minecraft:dirt":59,"cobblemon:pink_apricorn_seed":1,"minecraft:orange_terracotta":5,"minecraft:cooked_mutton":8,"minecraft:bone":13,"minecraft:acacia_planks":258,"minecraft:stone_bricks":5,"minecraft:wheat_seeds":46,"minecraft:iron_ingot":1,"minecraft:stone_pickaxe":11,"minecraft:cooked_chicken":7,"cobblemon:wacan_berry":3,"minecraft:oak_planks":191,"cobblemon:red_apricorn_seed":5,"minecraft:cooked_porkchop":17,"cobblemon:payapa_berry":5,"cobblemon:premier_ball":12,"minecraft:sand":11,"cobblemon:persim_berry":63,"cobblemon:pink_apricorn":17,"minecraft:grass_block":1,"minecraft:white_bed":1,"minecraft:red_terracotta":8,"minecraft:spider_eye":2,"minecraft:light_gray_terracotta":2,"minecraft:slime_ball":2,"cobblemon:poke_ball":20,"minecraft:stone_axe":11,"minecraft:crossbow":11,"minecraft:granite":20,"minecraft:bone_meal":2,"minecraft:terracotta":18,"minecraft:netherrack":1,"minecraft:oak_sapling":3,"minecraft:melon_seeds":3,"minecraft:black_wool":2,"minecraft:coal":207},"minecraft:killed":{"minecraft:spider":3,"minecraft:cod":8,"minecraft:slime":3,"minecraft:skeleton":5,"minecraft:chicken":2,"minecraft:pig":8,"cobblemon:pokemon":9,"minecraft:salmon":18,"minecraft:sheep":6,"minecraft:pillager":4,"minecraft:zombie":10,"minecraft:cow":15},"minecraft:custom":{"minecraft:mob_kills":91,"minecraft:interact_with_crafting_table":60,"minecraft:interact_with_campfire":11,"minecraft:bell_ring":12,"minecraft:leave_game":4,"minecraft:time_since_death":17521,"minecraft:climb_one_cm":35286,"minecraft:sprint_one_cm":921784,"minecraft:walk_one_cm":983765,"minecraft:damage_blocked_by_shield":1988,"minecraft:drop":50,"minecraft:talked_to_villager":2,"minecraft:play_time":381101,"minecraft:deaths":15,"minecraft:sneak_time":1282,"minecraft:walk_under_water_one_cm":111876,"minecraft:jump":7746,"minecraft:walk_on_water_one_cm":124584,"minecraft:total_world_time":381101,"minecraft:interact_with_furnace":22,"minecraft:traded_with_villager":2,"minecraft:sleep_in_bed":9,"minecraft:time_since_rest":17547,"minecraft:damage_taken":7686,"minecraft:damage_dealt":12408,"minecraft:swim_one_cm":318758,"minecraft:fly_one_cm":1379999,"minecraft:player_kills":4,"minecraft:open_chest":86,"minecraft:crouch_one_cm":5341,"minecraft:fall_one_cm":174751},"minecraft:dropped":{"minecraft:iron_ingot":1,"minecraft:golden_boots":1,"cobblemon:wacan_berry":1,"minecraft:porkchop":1,"minecraft:wheat_seeds":9,"minecraft:oak_log":1,"minecraft:crossbow":2,"minecraft:cobblestone":1,"minecraft:feather":2,"minecraft:granite":20,"cobblemon:verdant_ball":1,"minecraft:acacia_log":2,"minecraft:emerald":2,"minecraft:dirt":46,"cobblemon:payapa_berry":5,"minecraft:wooden_axe":1,"minecraft:string":4,"minecraft:acacia_planks":19,"minecraft:bone":2,"cobblemon:relic_coin":54,"minecraft:sugar_cane":6,"minecraft:cobbled_deepslate":64,"minecraft:stone_sword":3,"minecraft:tuff":1,"minecraft:rotten_flesh":7,"minecraft:smoker":1,"cobblemon:quick_ball":1,"minecraft:carrot":5,"minecraft:potato":1,"minecraft:oak_sapling":2,"minecraft:ladder":1,"minecraft:spider_eye":2,"minecraft:stone_pickaxe":1},"minecraft:broken":{"minecraft:wooden_pickaxe":2,"minecraft:wooden_axe":1},"minecraft:mined":{"minecraft:tuff":1,"minecraft:spruce_planks":1,"minecraft:white_bed":1,"minecraft:oak_door":1,"cobblemon:apricorn_log":1,"cobblemon:payapa_berry":2,"minecraft:ladder":1,"minecraft:acacia_log":103,"minecraft:decorated_pot":5,"minecraft:hay_block":11,"minecraft:iron_ore":5,"minecraft:fire":2,"minecraft:andesite":1,"minecraft:oak_stairs":9,"minecraft:stone":132,"minecraft:acacia_leaves":12,"minecraft:red_bed":1,"minecraft:kelp_plant":1,"minecraft:orange_terracotta":5,"minecraft:clay":6,"minecraft:crafting_table":5,"minecraft:torch":1,"minecraft:light_gray_terracotta":1,"minecraft:dead_bush":2,"minecraft:campfire":1,"cobblemon:pinap_berry":5,"minecraft:copper_ore":1,"minecraft:tall_grass":25,"minecraft:oak_planks":18,"cobblemon:oran_berry":4,"minecraft:white_terracotta":1,"minecraft:red_terracotta":9,"minecraft:light_gray_wool":1,"minecraft:bee_nest":1,"minecraft:grass":171,"minecraft:oak_log":40,"minecraft:coal_ore":29,"minecraft:cocoa":1,"minecraft:sand":4,"minecraft:dirt":10,"minecraft:brown_terracotta":7,"minecraft:cracked_stone_bricks":2,"minecraft:terracotta":18,"minecraft:acacia_planks":2,"minecraft:stone_bricks":2,"minecraft:oak_leaves":12},"minecraft:killed_by":{"minecraft:player":4,"minecraft:zombified_piglin":1,"minecraft:creeper":2,"minecraft:drowned":2,"minecraft:skeleton":1,"minecraft:zombie":5},"minecraft:used":{"minecraft:stone_sword":475,"minecraft:acacia_log":1,"minecraft:ladder":3,"minecraft:chest":4,"minecraft:shield":101,"minecraft:white_terracotta":1,"minecraft:cooked_salmon":8,"minecraft:cooked_chicken":4,"minecraft:rotten_flesh":3,"minecraft:oak_door":1,"minecraft:dirt":13,"minecraft:mutton":2,"minecraft:wooden_axe":124,"minecraft:oak_stairs":4,"cobblemon:pink_apricorn_seed":1,"minecraft:iron_boots":2,"minecraft:stone_bricks":2,"minecraft:light_gray_wool":1,"minecraft:beef":2,"minecraft:egg":3,"minecraft:potato":1,"minecraft:cooked_beef":3,"minecraft:acacia_planks":34,"minecraft:orange_terracotta":5,"minecraft:golden_boots":1,"minecraft:wheat_seeds":1,"minecraft:cooked_mutton":8,"minecraft:stone_pickaxe":125,"minecraft:oak_planks":37,"minecraft:wooden_pickaxe":118,"minecraft:cracked_stone_bricks":2,"minecraft:salmon":5,"minecraft:terracotta":11,"minecraft:crafting_table":5,"minecraft:red_bed":1,"minecraft:crossbow":2,"minecraft:white_bed":2,"minecraft:campfire":1,"minecraft:cod":1,"minecraft:wooden_hoe":1,"cobblemon:green_apricorn_seed":6,"minecraft:acacia_door":1,"minecraft:acacia_sign":2,"minecraft:chicken":1,"minecraft:bread":33,"minecraft:golden_leggings":1,"minecraft:stone_axe":198,"minecraft:wooden_sword":98,"minecraft:cobblestone":12,"cobblemon:red_apricorn_seed":3,"minecraft:porkchop":3,"minecraft:cooked_porkchop":14,"minecraft:bone_meal":6},"minecraft:crafted":{"minecraft:oak_door":3,"minecraft:wooden_sword":1,"minecraft:oak_planks":156,"minecraft:cooked_chicken":2,"minecraft:bone_meal":6,"cobblemon:premier_ball":4,"minecraft:iron_boots":1,"minecraft:ladder":3,"minecraft:stone_pickaxe":4,"minecraft:chest":6,"minecraft:wheat":99,"cobblemon:citrine_ball":8,"minecraft:cooked_beef":3,"minecraft:emerald":2,"minecraft:cooked_porkchop":13,"minecraft:crafting_table":2,"cobblemon:verdant_ball":48,"minecraft:wooden_pickaxe":2,"minecraft:cooked_salmon":12,"minecraft:copper_ingot":25,"minecraft:campfire":1,"cobblemon:roseate_ball":8,"minecraft:stone_axe":4,"minecraft:bread":33,"cobblemon:poke_ball":12,"minecraft:wooden_hoe":1,"minecraft:acacia_sign":3,"minecraft:shield":1,"minecraft:stick":64,"minecraft:iron_ingot":5,"minecraft:wooden_axe":3,"minecraft:stone_sword":8,"minecraft:white_bed":1,"minecraft:acacia_planks":372}},"DataVersion":3465}