{"stats":{"minecraft:killed":{"minecraft:zombie":3,"cobblemon:pokemon":7,"minecraft:salmon":1,"minecraft:spider":1},"minecraft:killed_by":{"minecraft:drowned":1,"minecraft:skeleton":1,"minecraft:zombie":1},"minecraft:custom":{"minecraft:time_since_rest":15384,"minecraft:sprint_one_cm":80666,"minecraft:damage_taken":970,"minecraft:walk_one_cm":226673,"minecraft:mob_kills":12,"minecraft:drop":8,"minecraft:damage_dealt":2427,"minecraft:swim_one_cm":36158,"minecraft:interact_with_crafting_table":12,"minecraft:fly_one_cm":57831,"minecraft:open_chest":6,"minecraft:crouch_one_cm":2960,"minecraft:play_time":57444,"minecraft:deaths":3,"minecraft:sneak_time":739,"minecraft:walk_under_water_one_cm":36868,"minecraft:jump":1042,"minecraft:leave_game":1,"minecraft:time_since_death":15357,"minecraft:walk_on_water_one_cm":26930,"minecraft:total_world_time":57444,"minecraft:climb_one_cm":2819,"minecraft:fall_one_cm":19610},"minecraft:dropped":{"minecraft:stone_sword":1,"minecraft:wooden_axe":1,"cobblemon:quick_ball":1,"cobblemon:verdant_ball":1,"minecraft:acacia_log":2,"minecraft:acacia_planks":2},"minecraft:mined":{"minecraft:acacia_leaves":5,"minecraft:torch":1,"minecraft:crafting_table":3,"minecraft:grass":94,"minecraft:acacia_log":73,"minecraft:coal_ore":4,"minecraft:tall_grass":11,"minecraft:stone":71,"cobblemon:oran_berry":4},"minecraft:broken":{"minecraft:wooden_axe":1,"minecraft:wooden_pickaxe":1},"minecraft:used":{"minecraft:wheat_seeds":1,"minecraft:wooden_axe":124,"minecraft:wooden_hoe":1,"minecraft:stone_sword":46,"minecraft:acacia_log":1,"minecraft:wooden_pickaxe":77,"minecraft:stone_axe":6,"minecraft:wooden_sword":98,"minecraft:cobblestone":3,"minecraft:crafting_table":3},"minecraft:crafted":{"minecraft:wooden_sword":1,"minecraft:wooden_hoe":1,"minecraft:crafting_table":2,"minecraft:stick":40,"minecraft:wooden_pickaxe":2,"minecraft:stone_pickaxe":1,"minecraft:wooden_axe":3,"minecraft:stone_sword":2,"minecraft:chest":2,"minecraft:acacia_planks":208,"minecraft:campfire":1,"minecraft:stone_axe":2},"minecraft:picked_up":{"minecraft:wooden_axe":1,"minecraft:air":0,"minecraft:stick":15,"minecraft:crafting_table":4,"minecraft:torch":1,"minecraft:acacia_log":75,"minecraft:wooden_hoe":1,"minecraft:stone_sword":2,"minecraft:acacia_planks":140,"minecraft:light_blue_wool":1,"minecraft:stone_axe":1,"minecraft:wheat_seeds":11,"minecraft:cobbled_deepslate":1,"minecraft:stone_pickaxe":1,"cobblemon:oran_berry":35,"cobblemon:quick_ball":2,"minecraft:chest":2,"cobblemon:verdant_ball":12,"minecraft:coal":4,"minecraft:cobblestone":118}},"DataVersion":3465}