{"stats":{"minecraft:custom":{"minecraft:interact_with_crafting_table":135,"minecraft:bell_ring":12,"minecraft:leave_game":6,"minecraft:time_since_death":10902,"minecraft:sprint_one_cm":1575744,"minecraft:damage_blocked_by_shield":4218,"minecraft:drop":70,"minecraft:talked_to_villager":2,"minecraft:play_time":642601,"minecraft:deaths":25,"minecraft:jump":12144,"minecraft:walk_on_water_one_cm":154598,"minecraft:interact_with_furnace":83,"minecraft:traded_with_villager":2,"minecraft:sleep_in_bed":10,"minecraft:damage_dealt":19893,"minecraft:player_kills":4,"minecraft:crouch_one_cm":7183,"minecraft:mob_kills":132,"minecraft:interact_with_campfire":11,"minecraft:climb_one_cm":68603,"minecraft:walk_one_cm":1504998,"minecraft:sneak_time":1559,"minecraft:walk_under_water_one_cm":129018,"minecraft:total_world_time":642601,"minecraft:time_since_rest":10928,"minecraft:damage_taken":12239,"minecraft:swim_one_cm":345212,"minecraft:fly_one_cm":2128381,"minecraft:open_chest":252,"minecraft:fall_one_cm":282811},"minecraft:crafted":{"minecraft:oak_planks":160,"minecraft:cooked_chicken":2,"minecraft:diamond_leggings":1,"minecraft:iron_boots":2,"minecraft:bow":1,"minecraft:chest":8,"minecraft:oak_button":1,"cobblemon:azure_ball":12,"minecraft:golden_axe":1,"minecraft:soul_campfire":1,"minecraft:emerald":2,"minecraft:cooked_porkchop":13,"minecraft:crafting_table":5,"minecraft:iron_helmet":1,"minecraft:wooden_pickaxe":5,"cobblemon:verdant_ball":96,"minecraft:copper_ingot":67,"minecraft:campfire":1,"cobblemon:poke_ball":12,"minecraft:iron_chestplate":1,"minecraft:wooden_hoe":2,"minecraft:golden_leggings":1,"minecraft:shield":2,"minecraft:stick":144,"minecraft:leather_chestplate":1,"minecraft:iron_ingot":39,"minecraft:stone_sword":14,"minecraft:gold_ingot":16,"minecraft:wooden_sword":3,"minecraft:oak_door":3,"minecraft:soul_torch":4,"minecraft:furnace":2,"minecraft:bone_meal":99,"cobblemon:premier_ball":8,"minecraft:ladder":3,"minecraft:stone_pickaxe":8,"minecraft:diamond_boots":1,"minecraft:golden_helmet":1,"cobblemon:citrine_ball":8,"minecraft:wheat":99,"minecraft:cooked_beef":48,"minecraft:diamond_sword":1,"minecraft:cooked_salmon":12,"cobblemon:roseate_ball":8,"minecraft:stone_axe":9,"minecraft:bread":33,"minecraft:acacia_sign":3,"minecraft:wooden_axe":3,"minecraft:white_bed":1,"minecraft:acacia_planks":944,"minecraft:torch":140},"minecraft:broken":{"minecraft:stone_pickaxe":1,"minecraft:stone_axe":1,"minecraft:wooden_axe":2,"minecraft:wooden_pickaxe":3,"minecraft:golden_axe":1,"minecraft:iron_pickaxe":1},"minecraft:dropped":{"minecraft:porkchop":1,"minecraft:oak_log":1,"minecraft:crossbow":2,"cobblemon:verdant_ball":1,"minecraft:emerald":2,"minecraft:flint":1,"minecraft:dirt":46,"minecraft:bone":4,"minecraft:sugar_cane":6,"minecraft:cobbled_deepslate":64,"minecraft:wheat":2,"minecraft:rotten_flesh":8,"minecraft:carrot":5,"minecraft:ladder":1,"minecraft:netherrack":5,"minecraft:iron_ingot":11,"minecraft:golden_boots":1,"cobblemon:wacan_berry":1,"minecraft:wheat_seeds":13,"minecraft:feather":2,"minecraft:cobblestone":13,"minecraft:granite":21,"minecraft:acacia_log":2,"minecraft:torch":1,"cobblemon:payapa_berry":5,"minecraft:wooden_axe":1,"minecraft:string":4,"minecraft:acacia_planks":147,"cobblemon:relic_coin":54,"minecraft:stone_sword":5,"minecraft:tuff":1,"minecraft:smoker":1,"cobblemon:quick_ball":1,"minecraft:name_tag":1,"minecraft:potato":1,"minecraft:oak_sapling":2,"minecraft:spider_eye":2,"minecraft:stone_pickaxe":2},"minecraft:used":{"minecraft:ladder":3,"minecraft:chest":6,"minecraft:shield":140,"minecraft:white_terracotta":1,"minecraft:rotten_flesh":20,"minecraft:iron_chestplate":1,"minecraft:soul_campfire":1,"minecraft:soul_sand":2,"minecraft:mutton":2,"minecraft:acacia_sapling":2,"minecraft:grass_block":1,"minecraft:iron_helmet":1,"minecraft:stone_bricks":2,"minecraft:magma_block":2,"minecraft:bow":2,"minecraft:furnace":2,"minecraft:egg":3,"minecraft:potato":1,"minecraft:golden_boots":4,"minecraft:leather_leggings":3,"minecraft:diamond_boots":1,"minecraft:stone_pickaxe":310,"minecraft:oak_planks":74,"minecraft:ender_pearl":1,"minecraft:leather_chestplate":1,"minecraft:wooden_pickaxe":187,"minecraft:glow_berries":14,"minecraft:sand":5,"minecraft:crossbow":2,"cobblemon:green_apricorn_seed":15,"minecraft:acacia_door":3,"minecraft:bread":37,"minecraft:melon_slice":3,"minecraft:golden_helmet":1,"minecraft:diamond_sword":1,"minecraft:wooden_sword":126,"cobblemon:red_apricorn_seed":3,"minecraft:bone_meal":38,"minecraft:stone_sword":743,"minecraft:acacia_log":1,"minecraft:cooked_salmon":8,"minecraft:cooked_chicken":6,"minecraft:netherrack":10,"minecraft:oak_door":1,"minecraft:torch":61,"minecraft:dirt":24,"minecraft:wooden_axe":169,"minecraft:oak_stairs":4,"cobblemon:pink_apricorn_seed":1,"minecraft:iron_boots":3,"minecraft:light_gray_wool":1,"minecraft:beef":4,"minecraft:cooked_beef":25,"minecraft:acacia_planks":134,"minecraft:cobbled_deepslate":31,"minecraft:orange_terracotta":5,"minecraft:golden_axe":27,"minecraft:wheat_seeds":7,"minecraft:cooked_mutton":8,"minecraft:cauldron":1,"minecraft:cracked_stone_bricks":2,"minecraft:salmon":5,"minecraft:terracotta":11,"minecraft:crafting_table":8,"minecraft:red_bed":4,"minecraft:white_bed":2,"minecraft:campfire":1,"cobblemon:white_apricorn_seed":5,"minecraft:cod":1,"minecraft:wooden_hoe":7,"minecraft:acacia_sign":4,"minecraft:chicken":1,"minecraft:oak_button":1,"minecraft:iron_pickaxe":271,"minecraft:golden_leggings":2,"minecraft:stone_axe":366,"minecraft:cobblestone":90,"minecraft:porkchop":3,"minecraft:cooked_porkchop":14,"minecraft:diamond_leggings":1},"minecraft:mined":{"minecraft:spruce_planks":1,"minecraft:white_bed":1,"cobblemon:apricorn_log":1,"cobblemon:payapa_berry":2,"minecraft:granite":1,"minecraft:acacia_log":249,"minecraft:grass_block":2,"minecraft:soul_soil":20,"minecraft:tall_seagrass":1,"minecraft:iron_ore":28,"minecraft:cobbled_deepslate":3,"minecraft:fire":2,"minecraft:oak_stairs":9,"minecraft:red_bed":4,"minecraft:kelp_plant":1,"minecraft:soul_fire":2,"minecraft:orange_terracotta":5,"minecraft:clay":6,"minecraft:torch":1,"minecraft:light_gray_terracotta":1,"minecraft:chest":1,"minecraft:dead_bush":2,"minecraft:nether_quartz_ore":5,"cobblemon:pinap_berry":5,"minecraft:cobblestone":12,"minecraft:oak_planks":29,"minecraft:wall_torch":1,"minecraft:white_terracotta":1,"minecraft:light_gray_wool":1,"minecraft:grass":209,"minecraft:oak_log":41,"minecraft:sand":11,"minecraft:dirt":19,"minecraft:netherrack":66,"minecraft:oak_leaves":13,"minecraft:deepslate":48,"minecraft:nether_gold_ore":24,"minecraft:tuff":7,"minecraft:deepslate_diamond_ore":6,"minecraft:oak_door":1,"minecraft:ladder":1,"minecraft:nether_bricks":3,"minecraft:decorated_pot":5,"minecraft:hay_block":11,"minecraft:andesite":1,"minecraft:deepslate_iron_ore":18,"minecraft:stripped_acacia_log":3,"minecraft:stone":324,"minecraft:bone_block":10,"minecraft:acacia_leaves":39,"minecraft:soul_sand":2,"minecraft:crafting_table":8,"minecraft:campfire":1,"minecraft:lapis_ore":8,"minecraft:tall_grass":36,"minecraft:copper_ore":12,"minecraft:deepslate_gold_ore":1,"cobblemon:oran_berry":4,"minecraft:red_terracotta":9,"minecraft:bee_nest":1,"minecraft:coal_ore":113,"minecraft:cocoa":1,"minecraft:cobweb":19,"minecraft:brown_terracotta":7,"minecraft:cracked_stone_bricks":2,"minecraft:terracotta":18,"minecraft:acacia_planks":12,"minecraft:stone_bricks":2,"minecraft:acacia_wall_sign":1},"minecraft:killed_by":{"minecraft:zombified_piglin":1,"minecraft:wither_skeleton":3,"minecraft:creeper":3,"minecraft:drowned":2,"minecraft:zombie":7,"minecraft:player":4,"minecraft:skeleton":2},"minecraft:picked_up":{"minecraft:wooden_axe":4,"minecraft:wheat":3,"cobblemon:red_apricorn":41,"cobblemon:sport_ball":2,"minecraft:oak_stairs":16,"cobblemon:sharp_beak":1,"minecraft:string":39,"minecraft:soul_soil":29,"minecraft:raw_copper":50,"minecraft:cooked_salmon":9,"minecraft:gold_nugget":90,"minecraft:cobbled_deepslate":128,"cobblemon:white_apricorn_seed":2,"minecraft:spruce_planks":3,"minecraft:acacia_sign":1,"cobblemon:oran_berry":332,"minecraft:iron_pickaxe":2,"cobblemon:quick_ball":2,"minecraft:iron_boots":4,"minecraft:stick":141,"minecraft:brown_terracotta":7,"minecraft:torch":34,"minecraft:acacia_log":284,"minecraft:porkchop":18,"minecraft:golden_axe":1,"minecraft:stone_sword":18,"minecraft:rotten_flesh":27,"minecraft:light_blue_wool":1,"minecraft:white_terracotta":2,"cobblemon:verdant_ball":142,"minecraft:cod":13,"minecraft:cobblestone":613,"minecraft:magma_block":4,"minecraft:feather":11,"minecraft:cooked_beef":21,"minecraft:andesite":1,"minecraft:golden_leggings":4,"cobblemon:pinap_berry":60,"minecraft:smoker":1,"minecraft:potato":4,"cobblemon:roseate_ball":9,"minecraft:flint":3,"minecraft:tuff":6,"minecraft:lapis_lazuli":54,"minecraft:dirt":89,"minecraft:name_tag":1,"minecraft:bone":21,"minecraft:acacia_planks":390,"minecraft:bow":1,"minecraft:wheat_seeds":60,"minecraft:raw_gold":1,"cobblemon:quick_powder":1,"minecraft:oak_planks":203,"minecraft:cooked_porkchop":17,"minecraft:sand":18,"cobblemon:persim_berry":63,"minecraft:grass_block":2,"minecraft:red_terracotta":8,"minecraft:stripped_acacia_log":3,"minecraft:light_gray_terracotta":2,"minecraft:diamond":6,"cobblemon:poke_ball":20,"minecraft:crossbow":11,"minecraft:granite":21,"minecraft:bone_meal":60,"minecraft:oak_sapling":3,"minecraft:netherrack":106,"minecraft:charcoal":2,"minecraft:crafting_table":24,"minecraft:chicken":7,"minecraft:ladder":1,"minecraft:clay_ball":32,"minecraft:leather_leggings":3,"cobblemon:yellow_apricorn":4,"minecraft:wooden_pickaxe":3,"minecraft:shield":3,"minecraft:wooden_sword":2,"minecraft:acacia_door":1,"minecraft:red_bed":4,"cobblemon:white_apricorn":17,"minecraft:cracked_stone_bricks":2,"cobblemon:green_apricorn":135,"minecraft:beef":53,"cobblemon:relic_coin":54,"minecraft:light_gray_wool":2,"minecraft:sugar_cane":6,"minecraft:chest":6,"cobblemon:green_apricorn_seed":16,"minecraft:egg":6,"minecraft:raw_iron":47,"minecraft:oak_door":1,"minecraft:copper_ingot":127,"minecraft:carrot":5,"cobblemon:citrine_ball":11,"minecraft:arrow":49,"minecraft:cooked_cod":6,"minecraft:nether_bricks":3,"minecraft:hay_block":55,"minecraft:gold_ingot":3,"minecraft:mutton":20,"minecraft:white_wool":3,"minecraft:bone_block":10,"minecraft:air":0,"minecraft:salmon":40,"minecraft:leather":33,"minecraft:oak_log":80,"minecraft:golden_boots":3,"minecraft:wooden_hoe":1,"cobblemon:pink_apricorn_seed":1,"minecraft:orange_terracotta":5,"minecraft:cooked_mutton":8,"minecraft:stone_bricks":5,"minecraft:iron_ingot":1,"minecraft:stone_pickaxe":12,"minecraft:cooked_chicken":9,"cobblemon:wacan_berry":3,"minecraft:acacia_sapling":2,"minecraft:soul_sand":2,"cobblemon:red_apricorn_seed":5,"cobblemon:payapa_berry":5,"minecraft:quartz":5,"cobblemon:premier_ball":14,"cobblemon:pink_apricorn":17,"minecraft:white_bed":1,"minecraft:spider_eye":2,"minecraft:slime_ball":2,"minecraft:stone_axe":12,"minecraft:terracotta":18,"minecraft:black_wool":2,"minecraft:melon_seeds":3,"minecraft:coal":305,"minecraft:ender_pearl":2},"minecraft:killed":{"minecraft:spider":3,"minecraft:cod":8,"minecraft:skeleton":16,"minecraft:chicken":2,"minecraft:piglin":1,"minecraft:pig":8,"minecraft:salmon":18,"minecraft:sheep":6,"minecraft:pillager":4,"minecraft:zombie":20,"minecraft:cow":27,"minecraft:slime":3,"minecraft:horse":2,"cobblemon:pokemon":13}},"DataVersion":3465}