{
  "uuid": "51c6605e-fef0-332c-b142-018c70039a3e",
  "starterPrompted": true,
  "starterLocked": false,
  "starterSelected": true,
  "starterUUID": "f66ba96d-3f5d-4062-ac18-9136b568b615",
  "keyItems": [],
  "battleTheme": "cobblemon:battle.pvp.default",
  "extraData": {},
  "advancementData": {
    "totalCaptureCount": 14,
    "totalEggsHatched": 0,
    "totalEvolvedCount": 1,
    "totalBattleVictoryCount": 17,
    "totalPvPBattleVictoryCount": 1,
    "totalPvWBattleVictoryCount": 16,
    "totalPvNBattleVictoryCount": 0,
    "totalShinyCaptureCount": 0,
    "totalTradedCount": 2,
    "totalTypeCaptureCounts": {
      "bug": 1,
      "water": 5,
      "ghost": 2,
      "fire": 2,
      "grass": 1,
      "fighting": 1,
      "poison": 3,
      "psychic": 2,
      "ground": 2,
      "steel": 1,
      "flying": 1
    },
    "totalDefeatedCounts": {
      "cobblemon:wingull": 1,
      "cobblemon:gimmighoul": 1,
      "cobblemon:krabby": 1,
      "cobblemon:growlithe": 1,
      "cobblemon:gengar": 1
    },
    "aspectsCollected": {}
  }
}