{
  "uuid": "51c6605e-fef0-332c-b142-018c70039a3e",
  "starterPrompted": true,
  "starterLocked": false,
  "starterSelected": true,
  "starterUUID": "f66ba96d-3f5d-4062-ac18-9136b568b615",
  "keyItems": [],
  "battleTheme": "cobblemon:battle.pvp.default",
  "extraData": {},
  "advancementData": {
    "totalCaptureCount": 4,
    "totalEggsHatched": 0,
    "totalEvolvedCount": 1,
    "totalBattleVictoryCount": 7,
    "totalPvPBattleVictoryCount": 0,
    "totalPvWBattleVictoryCount": 7,
    "totalPvNBattleVictoryCount": 0,
    "totalShinyCaptureCount": 0,
    "totalTradedCount": 1,
    "totalTypeCaptureCounts": {
      "bug": 1,
      "water": 1,
      "ghost": 1,
      "fire": 1,
      "grass": 1,
      "fighting": 1
    },
    "totalDefeatedCounts": {
      "cobblemon:wingull": 1,
      "cobblemon:gimmighoul": 1,
      "cobblemon:krabby": 1,
      "cobblemon:growlithe": 1
    },
    "aspectsCollected": {}
  }
}