{
  "uuid": "51c6605e-fef0-332c-b142-018c70039a3e",
  "starterPrompted": true,
  "starterLocked": false,
  "starterSelected": true,
  "starterUUID": "0f67ca18-6221-4583-8db5-419d735e322a",
  "keyItems": [],
  "battleTheme": "cobblemon:battle.pvp.default",
  "extraData": {},
  "advancementData": {
    "totalCaptureCount": 1,
    "totalEggsHatched": 0,
    "totalEvolvedCount": 0,
    "totalBattleVictoryCount": 1,
    "totalPvPBattleVictoryCount": 0,
    "totalPvWBattleVictoryCount": 1,
    "totalPvNBattleVictoryCount": 0,
    "totalShinyCaptureCount": 0,
    "totalTradedCount": 0,
    "totalTypeCaptureCounts": {
      "dragon": 1,
      "ghost": 1
    },
    "totalDefeatedCounts": {
      "cobblemon:combee": 1
    },
    "aspectsCollected": {}
  }
}